Date,Town,Probenbegleitschein vollständig,Genkopien im Durchschnitt (Gq/ml),Genkopien N1/ml,Genkopien N2/ml,Anteil Genkopien Durchschnitt zu PMMoV x100.000,Volumenstrom (m3/d),Bevoelkerung,Faelle_gesamt,Faelle_neu,Faelle_7-Tage,Inzidenz_7-Tage,Valid test,Positive test,Newly positive test,Study phase,prevalence
2022-10-03,Kaiserslautern, ja,153.5,64.0,243.0,84.8,76032.0,108216.0,50177.0,0.0,1088.0,1005.4,,,,,
2022-10-03,Koblenz, ja,110.5,77.0,144.0,22.1,22916.0,115268.0,44123.0,86.0,888.0,770.4,,,,,
2022-10-03,Ludwigshafen,,,,,,,174265.0,61938.0,39.0,691.0,396.5,,,,,
2022-10-03,Mainz,,,,,,,220552.0,87132.0,0.0,1279.0,579.9,,,,,
2022-10-03,Trier,,,,,,,112195.0,37737.0,0.0,631.0,562.4,,,,,
2022-10-04,Kaiserslautern,,,,,,,108216.0,50177.0,0.0,859.0,793.8,,,,,
2022-10-04,Koblenz,,,,,,,115268.0,44239.0,116.0,821.0,712.3,,,,,
2022-10-04,Ludwigshafen,,,,,,,174265.0,61992.0,54.0,674.0,386.8,,,,,
2022-10-04,Mainz, ja,132.5,79.0,186.0,44.0,59827.0,220552.0,87132.0,0.0,1091.0,494.7,,,,,
2022-10-04,Trier, ja,56.5,29.0,84.0,48.3,31453.0,112195.0,37737.0,0.0,477.0,425.2,,,,,
2022-10-05,Kaiserslautern, ja,205.0,84.0,326.0,128.0,46963.0,108216.0,50535.0,358.0,975.0,901.0,,,,,
2022-10-05,Koblenz, ja,156.5,126.0,187.0,71.1,26244.0,115268.0,44457.0,218.0,924.0,801.6,,,,,
2022-10-05,Ludwigshafen,,,,,,,174265.0,62159.0,167.0,649.0,372.4,,,,,
2022-10-05,Mainz, ja,732.0,640.0,824.0,581.0,40115.0,220552.0,87339.0,207.0,1036.0,469.7,,,,,
2022-10-05,Trier,,,,,,,112195.0,37971.0,234.0,613.0,546.4,,,,,
2022-10-06,Kaiserslautern,,,,,,,108216.0,50956.0,421.0,1175.0,1085.8,,,,,
2022-10-06,Koblenz,,,,,,,115268.0,44642.0,185.0,935.0,811.2,,,,,
2022-10-06,Ludwigshafen,,,,,,,174265.0,62396.0,237.0,797.0,457.3,,,,,
2022-10-06,Mainz,,,,,,,220552.0,87682.0,343.0,1017.0,461.1,,,,,
2022-10-06,Trier, ja,178.0,132.0,224.0,86.4,18477.0,112195.0,38207.0,236.0,714.0,636.4,,,,,
2022-10-07,Kaiserslautern,,,,,,,108216.0,51282.0,326.0,1287.0,1189.3,,,,,
2022-10-07,Koblenz,,,,,,,115268.0,44866.0,224.0,1031.0,894.4,,,,,
2022-10-07,Ludwigshafen,,,,,,,174265.0,62632.0,236.0,916.0,525.6,,,,,
2022-10-07,Mainz,,,,,,,220552.0,88113.0,431.0,1175.0,532.8,,,,,
2022-10-07,Trier,,,,,,,112195.0,38387.0,180.0,752.0,670.3,,,,,
2022-10-08,Kaiserslautern,,,,,,,108216.0,51557.0,275.0,1380.0,1275.2,,,,,
2022-10-08,Koblenz,,,,,,,115268.0,45027.0,161.0,1048.0,909.2,,,,,
2022-10-08,Ludwigshafen,,,,,,,174265.0,62795.0,163.0,959.0,550.3,,,,,
2022-10-08,Mainz,,,,,,,220552.0,88568.0,455.0,1436.0,651.1,,,,,
2022-10-08,Trier,,,,,,,112195.0,38585.0,198.0,849.0,756.7,,,,,
2022-10-09,Kaiserslautern,,,,,,,108216.0,51557.0,0.0,1380.0,1275.2,,,,,
2022-10-09,Koblenz,,,,,,,115268.0,45105.0,78.0,1068.0,926.5,,,,,
2022-10-09,Ludwigshafen,,,,,,,174265.0,62889.0,94.0,990.0,568.1,,,,,
2022-10-09,Mainz,,,,,,,220552.0,88568.0,0.0,1436.0,651.1,,,,,
2022-10-09,Trier,,,,,,,112195.0,38585.0,0.0,848.0,755.8,,,,,
2022-10-10,Kaiserslautern, ja,358.0,212.0,504.0,167.0,46.132,108216.0,51557.0,0.0,1380.0,1275.2,,,,,
2022-10-10,Koblenz, ja,374.0,316.0,432.0,202.0,29476.0,115268.0,45208.0,103.0,1085.0,941.3,,,,,
2022-10-10,Ludwigshafen,,,,,,,174265.0,62920.0,31.0,982.0,563.5,,,,,
2022-10-10,Mainz,,,,,,,220552.0,88568.0,0.0,1436.0,651.1,,,,,
2022-10-10,Trier,,,,,,,112195.0,38585.0,0.0,848.0,755.8,,,,,
2022-10-11,Kaiserslautern,,,,,,,108216.0,52078.0,521.0,1901.0,1756.7,,,,,
2022-10-11,Koblenz,,,,,,,115268.0,45398.0,190.0,1159.0,1005.5,,,,,
2022-10-11,Ludwigshafen,,,,,,,174265.0,63068.0,148.0,1076.0,617.5,,,,,
2022-10-11,Mainz, ja,886.0,932.0,840.0,430.0,48666.0,220552.0,89138.0,570.0,2006.0,909.5,,,,,
2022-10-11,Trier, ja,656.0,416.0,896.0,192.0,16825.0,112195.0,38788.0,203.0,1051.0,936.8,,,,,
2022-10-12,Kaiserslautern,,,,,,,108216.0,52265.0,187.0,1730.0,1598.7,,,,,
2022-10-12,Koblenz, ja,424.0,312.0,536.0,174.0,22940.0,115268.0,45584.0,186.0,1127.0,977.7,,,,,
2022-10-12,Ludwigshafen,,,,,,,174265.0,63292.0,224.0,1133.0,650.2,,,,,
2022-10-12,Mainz,,,,,,,220552.0,89752.0,614.0,2413.0,1094.1,,,,,
2022-10-12,Trier,,,,,,,112195.0,39043.0,255.0,1072.0,955.5,,,,,
2022-10-13,Kaiserslautern, ja,540.0,464.0,616.0,129.0,45046.0,108216.0,52706.0,441.0,1750.0,1617.1,,,,,
2022-10-13,Koblenz,,,,,,,115268.0,45705.0,121.0,1063.0,922.2,,,,,
2022-10-13,Ludwigshafen,,,,,,,174265.0,63436.0,144.0,1040.0,596.8,,,,,
2022-10-13,Mainz, ja,914.0,648.0,1180.0,337.0,35968.0,220552.0,90296.0,544.0,2614.0,1185.2,,,,,
2022-10-13,Trier, ja,435.5,291.0,580.0,287.0,16433.0,112195.0,39244.0,201.0,1037.0,924.3,,,,,
2022-10-14,Kaiserslautern,,,,,,,108216.0,52965.0,259.0,1683.0,1555.2,,,,,
2022-10-14,Koblenz,,,,,,,115268.0,45858.0,153.0,992.0,860.6,,,,,
2022-10-14,Ludwigshafen,,,,,,,174265.0,63571.0,135.0,939.0,538.8,,,,,
2022-10-14,Mainz,,,,,,,220552.0,90595.0,299.0,2482.0,1125.4,,,,,
2022-10-14,Trier,,,,,,,112195.0,39358.0,114.0,971.0,865.5,,,,,
2022-10-15,Kaiserslautern,,,,,,,108216.0,53154.0,189.0,1597.0,1475.8,,,,,
2022-10-15,Koblenz,,,,,,,115268.0,45993.0,135.0,966.0,838.0,,,,,
2022-10-15,Ludwigshafen,,,,,,,174265.0,63727.0,156.0,932.0,534.8,,,,,
2022-10-15,Mainz,,,,,,,220552.0,90841.0,246.0,2273.0,1030.6,,,,,
2022-10-15,Trier,,,,,,,112195.0,39555.0,197.0,970.0,864.6,,,,,
2022-10-16,Kaiserslautern,,,,,,,108216.0,53154.0,0.0,1597.0,1475.8,,,,,
2022-10-16,Koblenz,,,,,,,115268.0,46063.0,70.0,958.0,831.1,,,,,
2022-10-16,Ludwigshafen,,,,,,,174265.0,63884.0,157.0,995.0,571.0,,,,,
2022-10-16,Mainz,,,,,,,220552.0,90841.0,0.0,2273.0,1030.6,,,,,
2022-10-16,Trier,,,,,,,112195.0,39555.0,0.0,970.0,864.6,,,,,
2022-10-17,Kaiserslautern, ja,672.0,496.0,848.0,333.0,55178.0,108216.0,53154.0,0.0,1597.0,1475.8,,,,,
2022-10-17,Koblenz, ja,866.0,612.0,1120.0,239.0,22656.0,115268.0,46121.0,58.0,913.0,792.1,,,,,
2022-10-17,Ludwigshafen,,,,,,,174265.0,63979.0,95.0,1059.0,607.7,,,,,
2022-10-17,Mainz,,,,,,,220552.0,90841.0,0.0,2273.0,1030.6,,,,,
2022-10-17,Trier,,,,,,,112195.0,39555.0,0.0,970.0,864.6,,,,,
2022-10-18,Kaiserslautern,,,,,,,108216.0,53475.0,321.0,1397.0,1290.9,,,,,
2022-10-18,Koblenz,,,,,,,115268.0,46336.0,215.0,938.0,813.8,,,,,
2022-10-18,Ludwigshafen,,,,,,,174265.0,64127.0,148.0,1059.0,607.7,,,,,
2022-10-18,Mainz, ja,1350.0,1360.0,1340.0,331.0,35968.0,220552.0,91327.0,486.0,2189.0,992.5,,,,,
2022-10-18,Trier, ja,2005.0,1130.0,2880.0,528.0,,112195.0,39807.0,252.0,1019.0,908.2,,,,,
2022-10-19,Kaiserslautern,,,,,,,108216.0,53726.0,251.0,1461.0,1350.1,,,,,
2022-10-19,Koblenz, ja,646.0,556.0,736.0,404.0,24832.0,115268.0,46440.0,104.0,856.0,742.6,,,,,
2022-10-19,Ludwigshafen,,,,,,,174265.0,64426.0,299.0,1134.0,650.7,,,,,
2022-10-19,Mainz,,,,,,,220552.0,91689.0,362.0,1937.0,878.3,,,,,
2022-10-19,Trier,,,,,,,112195.0,39989.0,182.0,946.0,843.2,,,,,
2022-10-20,Kaiserslautern, ja,906.0,492.0,1320.0,279.0,53058.0,108216.0,53941.0,215.0,1235.0,1141.2,,,,,
2022-10-20,Koblenz,,,,,,,115268.0,46573.0,133.0,868.0,753.0,,,,,
2022-10-20,Ludwigshafen,,,,,,,174265.0,64600.0,174.0,1164.0,667.9,,,,,
2022-10-20,Mainz, ja,1188.0,696.0,1680.0,369.0,4823.0,220552.0,91891.0,202.0,1595.0,723.2,,,,,
2022-10-20,Trier, ja,1376.0,892.0,1860.0,380.0,24589.0,112195.0,40119.0,130.0,875.0,779.9,,,,,
2022-10-21,Kaiserslautern,,,,,,,108216.0,54085.0,144.0,1120.0,1035.0,,,,,
2022-10-21,Koblenz,,,,,,,115268.0,46698.0,125.0,840.0,728.7,,,,,
2022-10-21,Ludwigshafen,,,,,,,174265.0,64711.0,111.0,1140.0,654.2,,,,,
2022-10-21,Mainz,,,,,,,220552.0,92183.0,292.0,1588.0,720.0,,,,,
2022-10-21,Trier,,,,,,,112195.0,40224.0,105.0,866.0,771.9,,,,,
2022-10-22,Kaiserslautern,,,,,,,108216.0,54204.0,119.0,1050.0,970.3,,,,,
2022-10-22,Koblenz,,,,,,,115268.0,46765.0,67.0,772.0,669.7,,,,,
2022-10-22,Ludwigshafen,,,,,,,174265.0,64834.0,123.0,1107.0,635.2,,,,,
2022-10-22,Mainz,,,,,,,220552.0,92304.0,121.0,1463.0,663.3,,,,,
2022-10-22,Trier,,,,,,,112195.0,40401.0,177.0,846.0,754.0,,,,,
2022-10-23,Kaiserslautern,,,,,,,108216.0,54204.0,0.0,1050.0,970.3,,,,,
2022-10-23,Koblenz,,,,,,,115268.0,46827.0,62.0,764.0,662.8,,,,,
2022-10-23,Ludwigshafen,,,,,,,174265.0,64892.0,58.0,1008.0,578.4,,,,,
2022-10-23,Mainz,,,,,,,220552.0,92304.0,0.0,1463.0,663.3,,,,,
2022-10-23,Trier,,,,,,,112195.0,40401.0,0.0,846.0,754.0,,,,,
2022-10-24,Kaiserslautern, ja,392.0,200.0,584.0,119.0,71141.0,108216.0,54204.0,0.0,1050.0,970.3,,,,,
2022-10-24,Koblenz, ja,363.5,263.0,464.0,110.0,40720.0,115268.0,46870.0,43.0,749.0,649.8,,,,,
2022-10-24,Ludwigshafen, ja,126.5,79.0,174.0,207.0,242055.0,174265.0,64936.0,44.0,957.0,549.2,,,,,
2022-10-24,Mainz,,,,,,,220552.0,92304.0,0.0,1463.0,663.3,,,,,
2022-10-24,Trier,,,,,,,112195.0,40401.0,0.0,846.0,754.0,,,,,
2022-10-25,Kaiserslautern,,,,,,,108216.0,54428.0,224.0,953.0,880.6,,,,,
2022-10-25,Koblenz,,,,,,,115268.0,47012.0,142.0,676.0,586.5,,,,,
2022-10-25,Ludwigshafen,,,,,,,174265.0,64995.0,59.0,868.0,498.1,,,,,
2022-10-25,Mainz, nein,445.5,267.0,624.0,143.0,,220552.0,92562.0,258.0,1235.0,560.0,,,,,
2022-10-25,Trier, ja,473.0,282.0,664.0,229.0,30925.0,112195.0,40525.0,124.0,718.0,640.0,,,,,
2022-10-26,Kaiserslautern, ja,547.5,295.0,800.0,183.0,48669.0,108216.0,54576.0,148.0,850.0,785.5,,,,,
2022-10-26,Koblenz, ja,636.0,392.0,880.0,166.0,24260.0,115268.0,47095.0,83.0,655.0,568.2,,,,,
2022-10-26,Ludwigshafen, ja,120.5,79.0,162.0,55.0,236866.5,174265.0,65137.0,142.0,711.0,408.0,,,,,
2022-10-26,Mainz,,,,,,,220552.0,92884.0,322.0,1195.0,541.8,,,,,
2022-10-26,Trier,,,,,,,112195.0,40636.0,111.0,647.0,576.7,,,,,
2022-10-27,Kaiserslautern,,,,,,,108216.0,54715.0,139.0,774.0,715.2,,,,,
2022-10-27,Koblenz,,,,,,,115268.0,47150.0,55.0,577.0,500.6,,,,,
2022-10-27,Ludwigshafen,,,,,,,174265.0,65230.0,93.0,630.0,361.5,,,,,
2022-10-27,Mainz, nein,978.0,596.0,1360.0,164.0,41229.0,220552.0,93133.0,249.0,1242.0,563.1,,,,,
2022-10-27,Trier, ja,744.5,349.0,1140.0,190.0,19174.0,112195.0,40698.0,62.0,579.0,516.1,,,,,
2022-10-28,Kaiserslautern,,,,,,,108216.0,54815.0,100.0,730.0,674.6,,,,,
2022-10-28,Koblenz,,,,,,,115268.0,47222.0,72.0,524.0,454.6,,,,,
2022-10-28,Ludwigshafen,,,,,,,174265.0,65304.0,74.0,593.0,340.3,,,,,
2022-10-28,Mainz,,,,,,,220552.0,93252.0,119.0,1069.0,484.7,,,,,
2022-10-28,Trier,,,,,,,112195.0,40804.0,106.0,580.0,517.0,,,,,
2022-10-29,Kaiserslautern,,,,,,,108216.0,54880.0,65.0,676.0,624.7,,,,,
2022-10-29,Koblenz,,,,,,,115268.0,47290.0,68.0,525.0,455.5,,,,,
2022-10-29,Ludwigshafen,,,,,,,174265.0,65304.0,0.0,470.0,269.7,,,,,
2022-10-29,Mainz,,,,,,,220552.0,93411.0,159.0,1107.0,501.9,,,,,
2022-10-29,Trier,,,,,,,112195.0,40849.0,45.0,448.0,399.3,,,,,
2022-10-30,Kaiserslautern,,,,,,,108216.0,54880.0,0.0,676.0,624.7,,,,,
2022-10-30,Koblenz, ja,918.0,716.0,1120.0,235.0,22208.0,115268.0,47328.0,38.0,501.0,434.6,,,,,
2022-10-30,Ludwigshafen,,,,,,,174265.0,65311.0,7.0,419.0,240.4,,,,,
2022-10-30,Mainz,,,,,,,220552.0,93411.0,0.0,1107.0,501.9,,,,,
2022-10-30,Trier,,,,,,,112195.0,40849.0,0.0,448.0,399.3,,,,,
2022-10-31,Kaiserslautern, ja,674.0,504.0,844.0,269.0,46925.0,108216.0,54880.0,0.0,676.0,624.7,,,,,
2022-10-31,Koblenz,,,,,,,115268.0,47349.0,21.0,479.0,415.6,,,,,
2022-10-31,Ludwigshafen,,,,,,,174265.0,65314.0,3.0,378.0,216.9,,,,,
2022-10-31,Mainz, ja,720.0,448.0,992.0,176.0,39462.0,220552.0,93411.0,0.0,1107.0,501.9,,,,,
2022-10-31,Trier,,,,,,,112195.0,40849.0,0.0,448.0,399.3,,,,,
2022-11-01,Kaiserslautern,,,,,,,108216.0,54960.0,80.0,532.0,491.6,,,,,
2022-11-01,Koblenz, ja,327.5,171.0,484.0,94.9,23568.0,115268.0,47405.0,56.0,393.0,340.9,,,,,
2022-11-01,Ludwigshafen,,,,,,,174265.0,65316.0,2.0,321.0,184.2,,,,,
2022-11-01,Mainz,,,,,,,220552.0,93597.0,186.0,1035.0,469.3,,,,,
2022-11-01,Trier,,,,,,,112195.0,40924.0,75.0,399.0,355.6,,,,,
2022-11-02,Kaiserslautern, ja,141.5,49.0,234.0,66.4,88542.0,108216.0,54960.0,0.0,384.0,354.8,,,,,
2022-11-02,Koblenz,,,,,,,115268.0,47446.0,41.0,351.0,304.5,,,,,
2022-11-02,Ludwigshafen, ja,23.5,14.0,33.0,40.8,234540.0,174265.0,65378.0,62.0,241.0,138.3,,,,,
2022-11-02,Mainz, ja,586.0,244.0,928.0,136.0,53760.0,220552.0,93597.0,0.0,713.0,323.3,,,,,
2022-11-02,Trier, ja,405.5,199.0,612.0,136.0,19081.0,112195.0,40924.0,0.0,288.0,256.7,,,,,
2022-11-03,Kaiserslautern,,,,,,,108216.0,55088.0,128.0,373.0,344.7,,,,,
2022-11-03,Koblenz,,,,,,,115268.0,47518.0,72.0,368.0,319.3,,,,,
2022-11-03,Ludwigshafen,,,,,,,174265.0,65405.0,27.0,175.0,100.4,,,,,
2022-11-03,Mainz,,,,,,,220552.0,93856.0,259.0,723.0,327.8,,,,,
2022-11-03,Trier,,,,,,,112195.0,41015.0,91.0,317.0,282.5,,,,,
2022-11-04,Kaiserslautern,,,,,,,108216.0,55180.0,92.0,365.0,337.3,,,,,
2022-11-04,Koblenz,,,,,,,115268.0,47582.0,64.0,360.0,312.3,,,,,
2022-11-04,Ludwigshafen,,,,,,,174265.0,65468.0,63.0,164.0,94.1,,,,,
2022-11-04,Mainz,,,,,,,220552.0,94004.0,148.0,752.0,341.0,,,,,
2022-11-04,Trier,,,,,,,112195.0,41083.0,68.0,279.0,248.7,,,,,
2022-11-05,Kaiserslautern,,,,,,,108216.0,55210.0,30.0,330.0,304.9,,,,,
2022-11-05,Koblenz,,,,,,,115268.0,47632.0,50.0,342.0,296.7,,,,,
2022-11-05,Ludwigshafen,,,,,,,174265.0,65512.0,44.0,208.0,119.4,,,,,
2022-11-05,Mainz,,,,,,,220552.0,94074.0,70.0,663.0,300.6,,,,,
2022-11-05,Trier,,,,,,,112195.0,41118.0,35.0,269.0,239.8,,,,,
2022-11-06,Kaiserslautern,,,,,,,108216.0,55210.0,0.0,330.0,304.9,,,,,
2022-11-06,Koblenz,,,,,,,115268.0,47642.0,10.0,314.0,272.4,,,,,
2022-11-06,Ludwigshafen,,,,,,,174265.0,65537.0,25.0,226.0,129.7,,,,,
2022-11-06,Mainz,,,,,,,220552.0,94074.0,0.0,663.0,300.6,,,,,
2022-11-06,Trier,,,,,,,112195.0,41118.0,0.0,269.0,239.8,,,,,
2022-11-07,Kaiserslautern,,,,,,,108216.0,55210.0,0.0,330.0,304.9,,,,,
2022-11-07,Koblenz, ja,564.0,552.0,576.0,83.4,23336.0,115268.0,47666.0,24.0,317.0,275.0,,,,,
2022-11-07,Ludwigshafen, ja,164.0,56.0,272.0,144.0,229074.0,174265.0,65547.0,10.0,233.0,133.7,,,,,
2022-11-07,Mainz,,,,,,,220552.0,94074.0,0.0,663.0,300.6,,,,,
2022-11-07,Trier,,,,,,,112195.0,41118.0,0.0,269.0,239.8,,,,,
2022-11-08,Kaiserslautern, ja,386.5,197.0,576.0,146.0,47427.0,108216.0,55285.0,75.0,325.0,300.3,,,,,
2022-11-08,Koblenz,,,,,,,115268.0,47723.0,57.0,318.0,275.9,,,,,
2022-11-08,Ludwigshafen,,,,,,,174265.0,65589.0,42.0,273.0,156.7,,,,,
2022-11-08,Mainz, ja,1156.0,832.0,1480.0,194.0,40364.0,220552.0,94328.0,254.0,731.0,331.4,,,,,
2022-11-08,Trier, ja,488.5,385.0,592.0,73.1,18198.0,112195.0,41184.0,66.0,260.0,231.7,,,,,
2022-11-09,Kaiserslautern,,,,,,,108216.0,55359.0,74.0,399.0,368.7,,,,,
2022-11-09,Koblenz, ja,399.0,306.0,492.0,264.0,24128.0,115268.0,47760.0,37.0,314.0,272.4,,,,,
2022-11-09,Ludwigshafen, ja,87.0,46.0,128.0,198.0,314085.0,174265.0,65662.0,73.0,284.0,163.0,,,,,
2022-11-09,Mainz,,,,,,,220552.0,94448.0,120.0,851.0,385.9,,,,,
2022-11-09,Trier,,,,,,,112195.0,41210.0,26.0,286.0,254.9,,,,,
2022-11-10,Kaiserslautern, ja,208.5,116.0,301.0,592.0,93274.0,108216.0,55399.0,40.0,311.0,287.4,,,,,
2022-11-10,Koblenz,,,,,,,115268.0,47821.0,61.0,303.0,262.9,,,,,
2022-11-10,Ludwigshafen,,,,,,,174265.0,65696.0,34.0,291.0,167.0,,,,,
2022-11-10,Mainz, ja,409.5,291.0,528.0,405.0,71936.0,220552.0,94536.0,88.0,680.0,308.3,,,,,
2022-11-10,Trier, ja,309.0,126.0,492.0,236.0,29665.0,112195.0,41255.0,45.0,240.0,213.9,,,,,
2022-11-11,Kaiserslautern,,,,,,,108216.0,55454.0,55.0,274.0,253.2,,,,,
2022-11-11,Koblenz,,,,,,,115268.0,47857.0,36.0,275.0,238.6,,,,,
2022-11-11,Ludwigshafen,,,,,,,174265.0,65719.0,23.0,251.0,144.0,,,,,
2022-11-11,Mainz,,,,,,,220552.0,94665.0,129.0,661.0,299.7,,,,,
2022-11-11,Trier,,,,,,,112195.0,41282.0,27.0,199.0,177.4,,,,,
2022-11-12,Kaiserslautern,,,,,,,108216.0,55454.0,0.0,244.0,225.5,,,,,
2022-11-12,Koblenz,,,,,,,115268.0,47901.0,44.0,269.0,233.4,,,,,
2022-11-12,Ludwigshafen,,,,,,,174265.0,65749.0,30.0,237.0,136.0,,,,,
2022-11-12,Mainz,,,,,,,220552.0,94682.0,17.0,608.0,275.7,,,,,
2022-11-12,Trier,,,,,,,112195.0,41332.0,50.0,214.0,190.7,,,,,
2022-11-13,Kaiserslautern,,,,,,,108216.0,55454.0,0.0,244.0,225.5,,,,,
2022-11-13,Koblenz,,,,,,,115268.0,47926.0,25.0,284.0,246.4,,,,,
2022-11-13,Ludwigshafen, ja,46.0,19.0,73.0,289.0,232639.0,174265.0,65771.0,22.0,234.0,134.3,,,,,
2022-11-13,Mainz,,,,,,,220552.0,94682.0,0.0,608.0,275.7,,,,,
2022-11-13,Trier,,,,,,,112195.0,41332.0,0.0,214.0,190.7,,,,,
2022-11-14,Kaiserslautern,,,,,,,108216.0,55454.0,0.0,244.0,225.5,,,,,
2022-11-14,Koblenz, ja,311.5,235.0,388.0,238.0,21708.0,115268.0,47949.0,23.0,283.0,245.5,,,,,
2022-11-14,Ludwigshafen,,,,,,,174265.0,65786.0,15.0,239.0,137.1,,,,,
2022-11-14,Mainz,,,,,,,220552.0,94682.0,0.0,608.0,275.7,,,,,
2022-11-14,Trier,,,,,,,112195.0,41332.0,0.0,214.0,190.7,,,,,
2022-11-15,Kaiserslautern, ja,210.0,111.0,309.0,283.0,46386.0,108216.0,55532.0,78.0,247.0,228.2,,,,,
2022-11-15,Koblenz,,,,,,,115268.0,48009.0,60.0,286.0,248.1,,,,,
2022-11-15,Ludwigshafen, ja,64.5,10.0,119.0,34.3,230356.0,174265.0,65833.0,47.0,244.0,140.0,,,,,
2022-11-15,Mainz, ja,488.0,437.0,539.0,339.0,41651.0,220552.0,94798.0,116.0,470.0,213.1,,,,,
2022-11-15,Trier, ja,246.0,166.0,326.0,86.0,16970.0,112195.0,41413.0,81.0,229.0,204.1,,,,,
2022-11-16,Kaiserslautern,,,,,,,108216.0,55638.0,106.0,279.0,257.8,,,,,
2022-11-16,Koblenz, nein,279.0,240.0,318.0,81.6,,115268.0,48047.0,38.0,287.0,249.0,,,,,
2022-11-16,Ludwigshafen,,,,,,,174265.0,65894.0,61.0,232.0,133.1,,,,,
2022-11-16,Mainz, ja,114.5,109.0,120.0,150.0,99981.0,220552.0,94910.0,112.0,462.0,209.5,,,,,
2022-11-16,Trier,,,,,,,112195.0,41457.0,44.0,247.0,220.2,,,,,
2022-11-17,Kaiserslautern, ja,266.0,174.0,358.0,103.0,96086.0,108216.0,55698.0,60.0,299.0,276.3,,,,,
2022-11-17,Koblenz,,,,,,,115268.0,48080.0,33.0,259.0,224.7,,,,,
2022-11-17,Ludwigshafen,,,,,,,174265.0,65931.0,37.0,235.0,134.9,,,,,
2022-11-17,Mainz,,,,,,,220552.0,95037.0,127.0,501.0,227.2,,,,,
2022-11-17,Trier, ja,54.0,42.0,66.0,109.0,,112195.0,41481.0,24.0,226.0,201.4,,,,,
2022-11-18,Kaiserslautern,,,,,,,108216.0,55744.0,46.0,290.0,268.0,,,,,
2022-11-18,Koblenz,,,,,,,115268.0,48116.0,36.0,259.0,224.7,,,,,
2022-11-18,Ludwigshafen,,,,,,,174265.0,65979.0,48.0,260.0,149.2,,,,,
2022-11-18,Mainz,,,,,,,220552.0,95118.0,81.0,453.0,205.4,,,,,
2022-11-18,Trier,,,,,,,112195.0,41507.0,26.0,225.0,200.5,,,,,
2022-11-19,Kaiserslautern,,,,,,,108216.0,55775.0,31.0,321.0,296.6,,,,,
2022-11-19,Koblenz,,,,,,,115268.0,48155.0,39.0,254.0,220.4,,,,,
2022-11-19,Ludwigshafen,,,,,,,174265.0,66026.0,47.0,277.0,159.0,,,,,
2022-11-19,Mainz,,,,,,,220552.0,95184.0,66.0,502.0,227.6,,,,,
2022-11-19,Trier,,,,,,,112195.0,41542.0,35.0,210.0,187.2,,,,,
2022-11-20,Kaiserslautern,,,,,,,108216.0,55775.0,0.0,321.0,296.6,,,,,
2022-11-20,Koblenz,,,,,,,115268.0,48172.0,17.0,246.0,213.4,,,,,
2022-11-20,Ludwigshafen, ja,41.5,21.0,62.0,39.5,256180.0,174265.0,66061.0,35.0,290.0,166.4,,,,,
2022-11-20,Mainz,,,,,,,220552.0,95184.0,0.0,502.0,227.6,,,,,
2022-11-20,Trier,,,,,,,112195.0,41542.0,0.0,210.0,187.2,,,,,
2022-11-21,Kaiserslautern,,,,,,,108216.0,55775.0,0.0,321.0,296.6,,,,,
2022-11-21,Koblenz, ja,185.5,117.0,254.0,62.5,34576.0,115268.0,48190.0,18.0,241.0,209.1,,,,,
2022-11-21,Ludwigshafen,,,,,,,174265.0,66071.0,10.0,285.0,163.5,,,,,
2022-11-21,Mainz,,,,,,,220552.0,95184.0,0.0,502.0,227.6,,,,,
2022-11-21,Trier,,,,,,,112195.0,41542.0,0.0,210.0,187.2,,,,,
2022-11-22,Kaiserslautern, ja,101.0,83.0,119.0,53.4,63179.0,108216.0,55843.0,68.0,311.0,287.4,,,,,
2022-11-22,Koblenz,,,,,,,115268.0,48264.0,74.0,255.0,221.2,,,,,
2022-11-22,Ludwigshafen, ja,479.0,220.0,738.0,1072.0,259554.0,174265.0,66099.0,28.0,266.0,152.6,,,,,
2022-11-22,Mainz, ja,257.0,154.0,360.0,97.0,56538.0,220552.0,95328.0,144.0,530.0,240.3,,,,,
2022-11-22,Trier, ja,151.0,98.0,204.0,51.5,41791.0,112195.0,41586.0,44.0,173.0,154.2,,,,,
2022-11-23,Kaiserslautern,,,,,,,108216.0,55910.0,67.0,272.0,251.3,,,,,
2022-11-23,Koblenz, ja,1420.0,1070.0,1770.0,1797.0,30100.0,115268.0,48320.0,56.0,273.0,236.8,,,,,
2022-11-23,Ludwigshafen,,,,,,,174265.0,66164.0,65.0,270.0,154.9,,,,,
2022-11-23,Mainz,,,,,,,220552.0,95385.0,57.0,475.0,215.4,,,,,
2022-11-23,Trier,,,,,,,112195.0,41619.0,33.0,162.0,144.4,,,,,
2022-11-24,Kaiserslautern, ja,1190.5,681.0,1700.0,1368.0,68613.0,108216.0,55947.0,37.0,249.0,230.1,,,,,
2022-11-24,Koblenz,,,,,,,115268.0,48356.0,36.0,276.0,239.4,,,,,
2022-11-24,Ludwigshafen,,,,,,,174265.0,66199.0,35.0,268.0,153.8,,,,,
2022-11-24,Mainz, ja,2065.0,1630.0,2500.0,1434.0,60608.0,220552.0,95496.0,111.0,459.0,208.1,,,,,
2022-11-24,Trier, ja,1270.0,800.0,1740.0,1383.0,33027.0,112195.0,41681.0,62.0,200.0,178.3,,,,,
2022-11-25,Kaiserslautern,,,,,,,108216.0,55976.0,29.0,232.0,214.4,,,,,
2022-11-25,Koblenz,,,,,,,115268.0,48388.0,32.0,272.0,236.0,,,,,
2022-11-25,Ludwigshafen,,,,,,,174265.0,66234.0,35.0,255.0,146.3,,,,,
2022-11-25,Mainz,,,,,,,220552.0,95559.0,63.0,441.0,200.0,,,,,
2022-11-25,Trier,,,,,,,112195.0,41715.0,34.0,208.0,185.4,,,,,
2022-11-26,Kaiserslautern,,,,,,,108216.0,55994.0,18.0,219.0,202.4,,,,,
2022-11-26,Koblenz,,,,,,,115268.0,48416.0,28.0,261.0,226.4,,,,,
2022-11-26,Ludwigshafen,,,,,,,174265.0,66257.0,23.0,231.0,132.6,,,,,
2022-11-26,Mainz,,,,,,,220552.0,95639.0,80.0,455.0,206.3,,,,,
2022-11-26,Trier,,,,,,,112195.0,41724.0,9.0,182.0,162.2,,,,,
2022-11-27,Kaiserslautern,,,,,,,108216.0,55994.0,0.0,219.0,202.4,,,,,
2022-11-27,Koblenz,,,,,,,115268.0,48430.0,14.0,258.0,223.8,,,,,
2022-11-27,Ludwigshafen,,,,,,,174265.0,66270.0,13.0,209.0,119.9,,,,,
2022-11-27,Mainz,,,,,,,220552.0,95639.0,0.0,455.0,206.3,,,,,
2022-11-27,Trier,,,,,,,112195.0,41724.0,0.0,182.0,162.2,,,,,
2022-11-28,Kaiserslautern, ja,130.0,93.0,167.0,349.0,50656.0,108216.0,55994.0,0.0,219.0,202.4,,,,,
2022-11-28,Koblenz, ja,311.0,241.0,381.0,174.0,40684.0,115268.0,48442.0,12.0,252.0,218.6,,,,,
2022-11-28,Ludwigshafen,,,,,,,174265.0,66277.0,7.0,206.0,118.2,,,,,
2022-11-28,Mainz,,,,,,,220552.0,95639.0,0.0,455.0,206.3,,,,,
2022-11-28,Trier,,,,,,,112195.0,41724.0,0.0,182.0,162.2,,,,,
2022-11-29,Kaiserslautern,,,,,,,108216.0,56041.0,47.0,198.0,183.0,,,,,
2022-11-29,Koblenz,,,,,,,115268.0,48470.0,28.0,206.0,178.7,,,,,
2022-11-29,Ludwigshafen, ja,27.0,9.0,45.0,56.6,241920.0,174265.0,66292.0,15.0,193.0,110.8,,,,,
2022-11-29,Mainz, ja,392.0,265.0,519.0,274.0,44685.0,220552.0,95749.0,110.0,421.0,190.9,,,,,
2022-11-29,Trier, ja,271.0,165.0,377.0,261.0,22659.0,112195.0,41779.0,55.0,193.0,172.0,,,,,
2022-11-30,Kaiserslautern,,,,,,,108216.0,56078.0,37.0,168.0,155.2,,,,,
2022-11-30,Koblenz,,,,,,,115268.0,48509.0,39.0,189.0,164.0,,,,,
2022-11-30,Ludwigshafen,,,,,,,174265.0,66340.0,48.0,176.0,101.0,,,,,
2022-11-30,Mainz,,,,,,,220552.0,95831.0,82.0,446.0,202.2,,,,,
2022-11-30,Trier,,,,,,,112195.0,41810.0,31.0,191.0,170.2,,,,,
2022-12-01,Kaiserslautern, ja,169.0,118.0,220.0,434.0,60878.0,108216.0,56106.0,28.0,159.0,146.9,,,,,
2022-12-01,Koblenz, ja,193.0,126.0,260.0,140.0,26608.0,115268.0,48545.0,36.0,189.0,164.0,,,,,
2022-12-01,Ludwigshafen, ja,35.0,25.0,45.0,163.0,241920.0,174265.0,66371.0,31.0,172.0,98.7,,,,,
2022-12-01,Mainz, ja,363.0,219.0,507.0,286.0,61914.0,220552.0,95891.0,60.0,395.0,179.1,,,,,
2022-12-01,Trier, ja,203.5,113.0,294.0,167.0,21923.0,112195.0,41876.0,66.0,195.0,173.8,,,,,
2022-12-02,Kaiserslautern,,,,,,,108216.0,56136.0,30.0,160.0,147.9,,,,,
2022-12-02,Koblenz,,,,,,,115268.0,48572.0,27.0,184.0,159.6,,,,,
2022-12-02,Ludwigshafen,,,,,,,174265.0,66410.0,39.0,176.0,101.0,,,,,
2022-12-02,Mainz,,,,,,,220552.0,95956.0,65.0,397.0,180.0,,,,,
2022-12-02,Trier,,,,,,,112195.0,41909.0,33.0,194.0,172.9,,,,,
2022-12-03,Kaiserslautern,,,,,,,108216.0,56156.0,20.0,162.0,149.7,,,,,
2022-12-03,Koblenz,,,,,,,115268.0,48598.0,26.0,182.0,157.9,,,,,
2022-12-03,Ludwigshafen,,,,,,,174265.0,66444.0,34.0,187.0,107.3,,,,,
2022-12-03,Mainz,,,,,,,220552.0,96012.0,56.0,373.0,169.1,,,,,
2022-12-03,Trier,,,,,,,112195.0,41939.0,30.0,215.0,191.6,,,,,
2022-12-04,Kaiserslautern,,,,,,,108216.0,56156.0,0.0,162.0,149.7,,,,,
2022-12-04,Koblenz,,,,,,,115268.0,48617.0,19.0,187.0,162.2,,,,,
2022-12-04,Ludwigshafen, ja,60.0,4.0,116.0,526.0,268136.0,174265.0,66460.0,16.0,190.0,109.0,,,,,
2022-12-04,Mainz,,,,,,,220552.0,96012.0,0.0,373.0,169.1,,,,,
2022-12-04,Trier,,,,,,,112195.0,41939.0,0.0,215.0,191.6,,,,,
2022-12-05,Kaiserslautern,,,,,,,108216.0,56156.0,0.0,162.0,149.7,,,,,
2022-12-05,Koblenz, ja,266.0,202.0,330.0,163.0,90884.0,115268.0,48630.0,13.0,188.0,163.1,,,,,
2022-12-05,Ludwigshafen,,,,,,,174265.0,66471.0,11.0,194.0,111.3,,,,,
2022-12-05,Mainz,,,,,,,220552.0,96012.0,0.0,373.0,169.1,,,,,
2022-12-05,Trier,,,,,,,112195.0,41939.0,0.0,215.0,191.6,,,,,
2022-12-06,Kaiserslautern, ja,174.0,111.0,237.0,177.0,69218.0,108216.0,56197.0,41.0,156.0,144.2,,,,,
2022-12-06,Koblenz,,,,,,,115268.0,48683.0,53.0,213.0,184.8,,,,,
2022-12-06,Ludwigshafen, ja,64.0,37.0,91.0,209.0,257092.0,174265.0,66502.0,31.0,210.0,120.5,,,,,
2022-12-06,Mainz, ja,624.0,439.0,809.0,543.0,63117.0,220552.0,96129.0,117.0,380.0,172.3,,,,,
2022-12-06,Trier, ja,455.5,267.0,644.0,250.0,36324.0,112195.0,41996.0,57.0,217.0,193.4,,,,,
2022-12-07,Kaiserslautern,,,,,,,108216.0,56252.0,55.0,174.0,160.8,,,,,
2022-12-07,Koblenz, ja,202.5,145.0,260.0,233.0,42940.0,115268.0,48730.0,47.0,221.0,191.7,,,,,
2022-12-07,Ludwigshafen,,,,,,,174265.0,66544.0,42.0,204.0,117.1,,,,,
2022-12-07,Mainz,,,,,,,220552.0,96196.0,67.0,365.0,165.5,,,,,
2022-12-07,Trier,,,,,,,112195.0,42039.0,43.0,229.0,204.1,,,,,
2022-12-08,Kaiserslautern, ja,263.0,209.0,317.0,132.0,47835.0,108216.0,56288.0,36.0,182.0,168.2,,,,,
2022-12-08,Koblenz,,,,,,,115268.0,48775.0,45.0,230.0,199.5,,,,,
2022-12-08,Ludwigshafen,,,,,,,174265.0,66584.0,40.0,213.0,122.2,,,,,
2022-12-08,Mainz, ja,477.5,333.0,622.0,341.0,43686.0,220552.0,96270.0,74.0,379.0,171.8,,,,,
2022-12-08,Trier, ja,290.0,160.0,420.0,197.0,19459.0,112195.0,42060.0,21.0,184.0,164.0,,,,,
2022-12-09,Kaiserslautern,,,,,,,108216.0,56318.0,30.0,182.0,168.2,,,,,
2022-12-09,Koblenz,,,,,,,115268.0,48818.0,43.0,246.0,213.4,,,,,
2022-12-09,Ludwigshafen,,,,,,,174265.0,66628.0,44.0,218.0,125.1,,,,,
2022-12-09,Mainz,,,,,,,220552.0,96356.0,86.0,400.0,181.4,,,,,
2022-12-09,Trier,,,,,,,112195.0,42119.0,59.0,210.0,187.2,,,,,
2022-12-10,Kaiserslautern,,,,,,,108216.0,56338.0,20.0,182.0,168.2,,,,,
2022-12-10,Koblenz,,,,,,,115268.0,48862.0,44.0,264.0,229.0,,,,,
2022-12-10,Ludwigshafen,,,,,,,174265.0,66662.0,34.0,218.0,125.1,,,,,
2022-12-10,Mainz,,,,,,,220552.0,96389.0,33.0,377.0,170.9,,,,,
2022-12-10,Trier,,,,,,,112195.0,42167.0,48.0,228.0,203.2,,,,,
2022-12-11,Kaiserslautern,,,,,,,108216.0,56338.0,0.0,182.0,168.2,,,,,
2022-12-11,Koblenz,,,,,,,115268.0,48882.0,20.0,265.0,229.9,,,,,
2022-12-11,Ludwigshafen, ja,33.0,7.0,59.0,66.3,259200.0,174265.0,66694.0,32.0,234.0,134.3,,,,,
2022-12-11,Mainz,,,,,,,220552.0,96389.0,0.0,377.0,170.9,,,,,
2022-12-11,Trier,,,,,,,112195.0,42167.0,0.0,228.0,203.2,,,,,
2022-12-12,Kaiserslautern, ja,528.0,459.0,597.0,330.0,46171.0,108216.0,56338.0,0.0,182.0,168.2,,,,,
2022-12-12,Koblenz, ja,706.0,552.0,860.0,232.0,23880.0,115268.0,48894.0,12.0,264.0,229.0,,,,,
2022-12-12,Ludwigshafen,,,,,,,174265.0,66715.0,21.0,244.0,140.0,,,,,
2022-12-12,Mainz,,,,,,,220552.0,96389.0,0.0,377.0,170.9,,,,,
2022-12-12,Trier,,,,,,,112195.0,42167.0,0.0,228.0,203.2,,,,,
2022-12-13,Kaiserslautern,,,,,,,108216.0,56385.0,47.0,188.0,173.7,,,,,
2022-12-13,Koblenz,,,,,,,115268.0,48948.0,54.0,265.0,229.9,,,,,
2022-12-13,Ludwigshafen, ja,12.0,3.0,21.0,62.5,250560.0,174265.0,66745.0,30.0,243.0,139.4,,,,,
2022-12-13,Mainz, ja,583.0,461.0,705.0,232.0,49024.0,220552.0,96505.0,116.0,376.0,170.5,,,,,
2022-12-13,Trier, ja,553.0,404.0,702.0,127.0,19127.0,112195.0,42225.0,58.0,229.0,204.1,,,,,
2022-12-14,Kaiserslautern,,,,,,,108216.0,56424.0,39.0,172.0,158.9,,,,,
2022-12-14,Koblenz, ja,1038.5,897.0,1180.0,285.0,24916.0,115268.0,49008.0,60.0,278.0,241.2,,,,,
2022-12-14,Ludwigshafen,,,,,,,174265.0,66802.0,57.0,258.0,148.1,,,,,
2022-12-14,Mainz,,,,,,,220552.0,96580.0,75.0,384.0,174.1,,,,,
2022-12-14,Trier, nein,391.0,319.0,463.0,305.0,,112195.0,42272.0,47.0,233.0,207.7,,,,,
2022-12-15,Kaiserslautern, ja,326.0,184.0,468.0,276.0,46197.0,108216.0,56493.0,69.0,205.0,189.4,,,,,
2022-12-15,Koblenz,,,,,,,115268.0,49054.0,46.0,279.0,242.0,,,,,
2022-12-15,Ludwigshafen,,,,,,,174265.0,66853.0,51.0,269.0,154.4,,,,,
2022-12-15,Mainz, ja,421.0,286.0,556.0,246.0,49024.0,220552.0,96668.0,88.0,398.0,180.5,,,,,
2022-12-15,Trier,,,,,,,112195.0,42303.0,31.0,243.0,216.6,,,,,
2022-12-16,Kaiserslautern,,,,,,,108216.0,56561.0,68.0,243.0,224.6,,,,,
2022-12-16,Koblenz,,,,,,,115268.0,49103.0,49.0,285.0,247.2,,,,,
2022-12-16,Ludwigshafen,,,,,,,174265.0,66890.0,37.0,262.0,150.3,,,,,
2022-12-16,Mainz,,,,,,,220552.0,96743.0,75.0,387.0,175.5,,,,,
2022-12-16,Trier,,,,,,,112195.0,42327.0,24.0,208.0,185.4,,,,,
2022-12-17,Kaiserslautern,,,,,,,108216.0,56601.0,40.0,263.0,243.0,,,,,
2022-12-17,Koblenz,,,,,,,115268.0,49141.0,38.0,279.0,242.0,,,,,
2022-12-17,Ludwigshafen,,,,,,,174265.0,66932.0,42.0,270.0,154.9,,,,,
2022-12-17,Mainz,,,,,,,220552.0,96819.0,76.0,430.0,195.0,,,,,
2022-12-17,Trier,,,,,,,112195.0,42350.0,23.0,183.0,163.1,,,,,
2022-12-18,Kaiserslautern,,,,,,,108216.0,56601.0,0.0,263.0,243.0,,,,,
2022-12-18,Koblenz,,,,,,,115268.0,49162.0,21.0,280.0,242.9,,,,,
2022-12-18,Ludwigshafen, ja,97.0,37.0,157.0,70.8,274152.0,174265.0,66961.0,29.0,267.0,153.2,,,,,
2022-12-18,Mainz,,,,,,,220552.0,96819.0,0.0,430.0,195.0,,,,,
2022-12-18,Trier,,,,,,,112195.0,42350.0,0.0,183.0,163.1,,,,,
2022-12-19,Kaiserslautern,,,,,,,108216.0,56601.0,0.0,263.0,243.0,,,,,
2022-12-19,Koblenz, ja,343.0,247.0,439.0,114.0,36388.0,115268.0,49178.0,16.0,284.0,246.4,,,,,
2022-12-19,Ludwigshafen,,,,,,,174265.0,66977.0,16.0,262.0,150.3,,,,,
2022-12-19,Mainz,,,,,,,220552.0,96819.0,0.0,430.0,195.0,,,,,
2022-12-19,Trier,,,,,,,112195.0,42350.0,0.0,183.0,163.1,,,,,
2022-12-20,Kaiserslautern, ja,364.5,210.0,519.0,253.0,47079.0,108216.0,56669.0,68.0,284.0,262.4,,,,,
2022-12-20,Koblenz,,,,,,,115268.0,49246.0,68.0,298.0,258.5,,,,,
2022-12-20,Ludwigshafen, ja,46.5,16.0,77.0,71.5,268530.0,174265.0,67004.0,27.0,259.0,148.6,,,,,
2022-12-20,Mainz, ja,547.5,280.0,815.0,172.0,50854.0,220552.0,96969.0,150.0,464.0,210.4,,,,,
2022-12-20,Trier, ja,856.0,682.0,1030.0,261.0,18876.0,112195.0,42426.0,76.0,201.0,179.2,,,,,
2022-12-21,Kaiserslautern,,,,,,,108216.0,56714.0,45.0,290.0,268.0,,,,,
2022-12-21,Koblenz, ja,608.0,677.0,539.0,323.0,24264.0,115268.0,49297.0,51.0,289.0,250.7,,,,,
2022-12-21,Ludwigshafen,,,,,,,174265.0,67065.0,61.0,263.0,150.9,,,,,
2022-12-21,Mainz,,,,,,,220552.0,97082.0,113.0,502.0,227.6,,,,,
2022-12-21,Trier,,,,,,,112195.0,42479.0,53.0,207.0,184.5,,,,,
2022-12-22,Kaiserslautern, ja,273.5,192.0,355.0,381.0,76874.0,108216.0,56763.0,49.0,270.0,249.5,,,,,
2022-12-22,Koblenz,,,,,,,115268.0,49351.0,54.0,297.0,257.7,,,,,
2022-12-22,Ludwigshafen,,,,,,,174265.0,67122.0,57.0,269.0,154.4,,,,,
2022-12-22,Mainz, ja,450.0,233.0,667.0,239.0,70554.0,220552.0,97176.0,94.0,508.0,230.3,,,,,
2022-12-22,Trier, ja,221.0,168.0,274.0,151.0,40798.0,112195.0,42531.0,52.0,228.0,203.2,,,,,
2022-12-23,Kaiserslautern,,,,,,,108216.0,56815.0,52.0,254.0,234.7,,,,,
2022-12-23,Koblenz,,,,,,,115268.0,49409.0,58.0,306.0,265.5,,,,,
2022-12-23,Ludwigshafen,,,,,,,174265.0,67164.0,42.0,274.0,157.2,,,,,
2022-12-23,Mainz,,,,,,,220552.0,97277.0,101.0,534.0,242.1,,,,,
2022-12-23,Trier,,,,,,,112195.0,42574.0,43.0,247.0,220.2,,,,,
2022-12-24,Kaiserslautern,,,,,,,108216.0,56879.0,64.0,278.0,256.9,,,,,
2022-12-24,Koblenz,,,,,,,115268.0,49459.0,50.0,318.0,275.9,,,,,
2022-12-24,Ludwigshafen,,,,,,,174265.0,67220.0,56.0,288.0,165.3,,,,,
2022-12-24,Mainz,,,,,,,220552.0,97389.0,112.0,570.0,258.4,,,,,
2022-12-24,Trier,,,,,,,112195.0,42617.0,43.0,267.0,238.0,,,,,
2022-12-25,Kaiserslautern,,,,,,,108216.0,56879.0,0.0,278.0,256.9,,,,,
2022-12-25,Koblenz,,,,,,,115268.0,49495.0,36.0,333.0,288.9,,,,,
2022-12-25,Ludwigshafen, ja,51.0,16.0,86.0,295.0,238020.0,174265.0,67258.0,38.0,297.0,170.4,,,,,
2022-12-25,Mainz,,,,,,,220552.0,97389.0,0.0,570.0,258.4,,,,,
2022-12-25,Trier,,,,,,,112195.0,42617.0,0.0,267.0,238.0,,,,,
2022-12-26,Kaiserslautern,,,,,,,108216.0,56879.0,0.0,278.0,256.9,,,,,
2022-12-26,Koblenz, ja,832.0,504.0,1160.0,344.0,29260.0,115268.0,49511.0,16.0,333.0,288.9,,,,,
2022-12-26,Ludwigshafen,,,,,,,174265.0,67274.0,16.0,297.0,170.4,,,,,
2022-12-26,Mainz,,,,,,,220552.0,97389.0,0.0,570.0,258.4,,,,,
2022-12-26,Trier,,,,,,,112195.0,42617.0,0.0,267.0,238.0,,,,,
2022-12-27,Kaiserslautern, ja,474.0,245.0,703.0,1534.0,82643.0,108216.0,56879.0,0.0,210.0,194.1,,,,,
2022-12-27,Koblenz,,,,,,,115268.0,49537.0,26.0,291.0,252.5,,,,,
2022-12-27,Ludwigshafen, ja,40.5,6.0,75.0,148.0,252825.0,174265.0,67289.0,15.0,285.0,163.5,,,,,
2022-12-27,Mainz, ja,802.0,434.0,1170.0,344.0,63168.0,220552.0,97389.0,0.0,420.0,190.4,,,,,
2022-12-27,Trier,,,,,,,112195.0,42617.0,0.0,191.0,170.2,,,,,
2022-12-28,Kaiserslautern,,,,,,,108216.0,56879.0,0.0,165.0,152.5,,,,,
2022-12-28,Koblenz, ja,600.5,392.0,809.0,268.0,24120.0,115268.0,49591.0,54.0,294.0,255.1,,,,,
2022-12-28,Ludwigshafen,,,,,,,174265.0,67317.0,28.0,252.0,144.6,,,,,
2022-12-28,Mainz,,,,,,,220552.0,97390.0,1.0,308.0,139.6,,,,,
2022-12-28,Trier,,,,,,,112195.0,42693.0,76.0,214.0,190.7,,,,,
2022-12-29,Kaiserslautern, ja,444.0,224.0,664.0,285.0,48169.0,108216.0,56879.0,0.0,116.0,107.2,,,,,
2022-12-29,Koblenz,,,,,,,115268.0,49650.0,59.0,299.0,259.4,,,,,
2022-12-29,Ludwigshafen,,,,,,,174265.0,67361.0,44.0,239.0,137.1,,,,,
2022-12-29,Mainz, ja,784.0,538.0,1030.0,190.0,38989.0,220552.0,97390.0,0.0,214.0,97.0,,,,,
2022-12-29,Trier,,,,,,,112195.0,42750.0,57.0,219.0,195.2,,,,,
2022-12-30,Kaiserslautern,,,,,,,108216.0,56879.0,0.0,64.0,59.1,,,,,
2022-12-30,Koblenz,,,,,,,115268.0,49686.0,36.0,277.0,240.3,,,,,
2022-12-30,Ludwigshafen,,,,,,,174265.0,67403.0,42.0,239.0,137.1,,,,,
2022-12-30,Mainz,,,,,,,220552.0,97390.0,0.0,113.0,51.2,,,,,
2022-12-30,Trier,,,,,,,112195.0,42783.0,33.0,209.0,186.3,,,,,
2022-12-31,Kaiserslautern,,,,,,,108216.0,56879.0,0.0,0.0,0.0,,,,,
2022-12-31,Koblenz,,,,,,,115268.0,49706.0,20.0,247.0,214.3,,,,,
2022-12-31,Ludwigshafen,,,,,,,174265.0,67429.0,26.0,209.0,119.9,,,,,
2022-12-31,Mainz,,,,,,,220552.0,97390.0,0.0,1.0,0.5,,,,,
2022-12-31,Trier,,,,,,,112195.0,42798.0,15.0,181.0,161.3,,,,,
2023-01-01,Kaiserslautern,,,,,,,108216.0,56879.0,0.0,0.0,0.0,,,,,
2023-01-01,Koblenz,,,,,,,115268.0,49727.0,21.0,232.0,201.3,,,,,
2023-01-01,Ludwigshafen, ja,20.0,8.0,32.0,68.0,251112.5,174265.0,67456.0,27.0,198.0,113.6,,,,,
2023-01-01,Mainz,,,,,,,220552.0,97390.0,0.0,1.0,0.5,,,,,
2023-01-01,Trier,,,,,,,112195.0,42798.0,0.0,181.0,161.3,,,,,
2023-01-02,Kaiserslautern,,,,,,,108216.0,56879.0,0.0,0.0,0.0,,,,,
2023-01-02,Koblenz, ja,347.5,234.0,461.0,107.0,27348.0,115268.0,49735.0,8.0,224.0,194.3,,,,,
2023-01-02,Ludwigshafen,,,,,,,174265.0,67468.0,12.0,194.0,111.3,,,,,
2023-01-02,Mainz,,,,,,,220552.0,97390.0,0.0,1.0,0.5,,,,,
2023-01-02,Trier,,,,,,,112195.0,42798.0,0.0,181.0,161.3,,,,,
2023-01-03,Kaiserslautern, ja,331.0,196.0,466.0,133.0,65978.0,108216.0,57157.0,278.0,278.0,256.9,,,,,
2023-01-03,Koblenz,,,,,,,115268.0,49780.0,45.0,243.0,210.8,,,,,
2023-01-03,Ludwigshafen, ja,51.5,23.0,80.0,151.0,254384.0,174265.0,67494.0,26.0,205.0,117.6,,,,,
2023-01-03,Mainz, ja,307.5,209.0,406.0,99.2,47680.0,220552.0,97642.0,252.0,253.0,114.7,,,,,
2023-01-03,Trier, ja,241.0,152.0,330.0,75.1,31844.0,112195.0,42835.0,37.0,218.0,194.3,,,,,
2023-01-04,Kaiserslautern,,,,,,,108216.0,57285.0,128.0,406.0,375.2,,,,,
2023-01-04,Koblenz, ja,417.5,267.0,568.0,192.0,25312.0,115268.0,49813.0,33.0,222.0,192.6,,,,,
2023-01-04,Ludwigshafen,,,,,,,174265.0,67528.0,34.0,211.0,121.1,,,,,
2023-01-04,Mainz,,,,,,,220552.0,97901.0,259.0,511.0,231.7,,,,,
2023-01-04,Trier,,,,,,,112195.0,42863.0,28.0,170.0,151.5,,,,,
2023-01-05,Kaiserslautern, ja,404.0,255.0,553.0,159.0,59183.0,108216.0,57324.0,39.0,445.0,411.2,,,,,
2023-01-05,Koblenz,,,,,,,115268.0,49843.0,30.0,193.0,167.4,,,,,
2023-01-05,Ludwigshafen,,,,,,,174265.0,67568.0,40.0,207.0,118.8,,,,,
2023-01-05,Mainz, ja,558.5,356.0,761.0,152.0,44685.0,220552.0,98185.0,284.0,795.0,360.5,,,,,
2023-01-05,Trier, ja,482.5,289.0,676.0,222.0,29259.0,112195.0,42915.0,52.0,165.0,147.1,,,,,
2023-01-06,Kaiserslautern,,,,,,,108216.0,57369.0,45.0,490.0,452.8,,,,,
2023-01-06,Koblenz,,,,,,,115268.0,49861.0,18.0,175.0,151.8,,,,,
2023-01-06,Ludwigshafen,,,,,,,174265.0,67585.0,17.0,182.0,104.4,,,,,
2023-01-06,Mainz,,,,,,,220552.0,98321.0,136.0,931.0,422.1,,,,,
2023-01-06,Trier,,,,,,,112195.0,42930.0,15.0,147.0,131.0,,,,,
2023-01-07,Kaiserslautern,,,,,,,108216.0,57383.0,14.0,504.0,465.7,,,,,
2023-01-07,Koblenz,,,,,,,115268.0,49879.0,18.0,173.0,150.1,,,,,
2023-01-07,Ludwigshafen,,,,,,,174265.0,67621.0,36.0,192.0,110.2,,,,,
2023-01-07,Mainz,,,,,,,220552.0,98363.0,42.0,973.0,441.2,,,,,
2023-01-07,Trier,,,,,,,112195.0,42969.0,39.0,171.0,152.4,,,,,
2023-01-08,Kaiserslautern,,,,,,,108216.0,57383.0,0.0,504.0,465.7,,,,,
2023-01-08,Koblenz,,,,,,,115268.0,49891.0,12.0,164.0,142.3,,,,,
2023-01-08,Ludwigshafen,,,,,,,174265.0,67630.0,9.0,174.0,99.8,,,,,
2023-01-08,Mainz,,,,,,,220552.0,98363.0,0.0,973.0,441.2,,,,,
2023-01-08,Trier,,,,,,,112195.0,42969.0,0.0,171.0,152.4,,,,,
2023-01-09,Kaiserslautern,,,,,,,108216.0,57383.0,0.0,504.0,465.7,,,,,
2023-01-09,Koblenz, ja,138.5,109.0,168.0,99.6,59856.0,115268.0,49900.0,9.0,165.0,143.1,,,,,
2023-01-09,Ludwigshafen, ja,5.0,10.0,0.0,34.7,273435.0,174265.0,67637.0,7.0,169.0,97.0,,,,,
2023-01-09,Mainz,,,,,,,220552.0,98363.0,0.0,973.0,441.2,,,,,
2023-01-09,Trier,,,,,,,112195.0,42969.0,0.0,171.0,152.4,,,,,
2023-01-10,Kaiserslautern, ja,121.0,79.0,163.0,221.0,90308.0,108216.0,57425.0,42.0,268.0,247.7,,,,,
2023-01-10,Koblenz,,,,,,,115268.0,49931.0,31.0,151.0,131.0,,,,,
2023-01-10,Ludwigshafen, ja,25.0,6.0,44.0,89.3,273696.0,174265.0,67659.0,22.0,165.0,94.7,,,,,
2023-01-10,Mainz, ja,199.0,145.0,253.0,159.0,87360.0,220552.0,98439.0,76.0,797.0,361.4,,,,,
2023-01-10,Trier, ja,94.0,73.0,115.0,121.0,44539.0,112195.0,42996.0,27.0,161.0,143.5,,,,,
2023-01-11,Kaiserslautern,,,,,,,108216.0,57457.0,32.0,172.0,158.9,,,,,
2023-01-11,Koblenz, ja,139.0,83.0,195.0,93.9,50984.0,115268.0,49952.0,21.0,139.0,120.6,,,,,
2023-01-11,Ludwigshafen,,,,,,,174265.0,67688.0,29.0,160.0,91.8,,,,,
2023-01-11,Mainz,,,,,,,220552.0,98501.0,62.0,600.0,272.0,,,,,
2023-01-11,Trier,,,,,,,112195.0,43010.0,14.0,147.0,131.0,,,,,
2023-01-12,Kaiserslautern, ja,231.5,144.0,319.0,232.0,100007.0,108216.0,57480.0,23.0,156.0,144.2,,,,,
2023-01-12,Koblenz,,,,,,,115268.0,49963.0,11.0,120.0,104.1,,,,,
2023-01-12,Ludwigshafen,,,,,,,174265.0,67716.0,28.0,148.0,84.9,,,,,
2023-01-12,Mainz, ja,274.0,191.0,357.0,329.0,85581.0,220552.0,98568.0,67.0,383.0,173.7,,,,,
2023-01-12,Trier, ja,75.5,43.0,108.0,67.4,44617.0,112195.0,43023.0,13.0,108.0,96.3,,,,,
2023-01-13,Kaiserslautern,,,,,,,108216.0,57497.0,17.0,128.0,118.3,,,,,
2023-01-13,Koblenz,,,,,,,115268.0,49978.0,15.0,117.0,101.5,,,,,
2023-01-13,Ludwigshafen,,,,,,,174265.0,67741.0,25.0,156.0,89.5,,,,,
2023-01-13,Mainz,,,,,,,220552.0,98590.0,22.0,269.0,122.0,,,,,
2023-01-13,Trier,,,,,,,112195.0,43045.0,22.0,115.0,102.5,,,,,
2023-01-14,Kaiserslautern,,,,,,,108216.0,57527.0,30.0,144.0,133.1,,,,,
2023-01-14,Koblenz,,,,,,,115268.0,49987.0,9.0,108.0,93.7,,,,,
2023-01-14,Ludwigshafen,,,,,,,174265.0,67749.0,8.0,128.0,73.5,,,,,
2023-01-14,Mainz,,,,,,,220552.0,98628.0,38.0,265.0,120.2,,,,,
2023-01-14,Trier,,,,,,,112195.0,43052.0,7.0,83.0,74.0,,,,,
2023-01-15,Kaiserslautern,,,,,,,108216.0,57527.0,0.0,144.0,133.1,,,,,
2023-01-15,Koblenz,,,,,,,115268.0,49994.0,7.0,103.0,89.4,,,,,
2023-01-15,Ludwigshafen, ja,15.0,6.0,24.0,186.0,297764.7,174265.0,67756.0,7.0,126.0,72.3,,,,,
2023-01-15,Mainz,,,,,,,220552.0,98628.0,0.0,265.0,120.2,379.0,7.0,5.0,1.0,1.8469656992084433
2023-01-15,Trier,,,,,,,112195.0,43052.0,0.0,83.0,74.0,,,,,
2023-01-16,Kaiserslautern,,,,,,,108216.0,57527.0,0.0,144.0,133.1,,,,,
2023-01-16,Koblenz, ja,139.0,63.0,215.0,94.6,50652.0,115268.0,49998.0,4.0,98.0,85.0,,,,,
2023-01-16,Ludwigshafen,,,,,,,174265.0,67765.0,9.0,128.0,73.5,,,,,
2023-01-16,Mainz,,,,,,,220552.0,98628.0,0.0,265.0,120.2,,,,,
2023-01-16,Trier,,,,,,,112195.0,43052.0,0.0,83.0,74.0,,,,,
2023-01-17,Kaiserslautern, ja,89.0,45.0,133.0,222.0,110304.0,108216.0,57568.0,41.0,143.0,132.1,,,,,
2023-01-17,Koblenz,,,,,,,115268.0,50022.0,24.0,91.0,78.9,,,,,
2023-01-17,Ludwigshafen, ja,24.5,5.0,44.0,114.0,269990.0,174265.0,67784.0,19.0,125.0,71.7,,,,,
2023-01-17,Mainz, ja,337.5,169.0,506.0,361.0,72320.0,220552.0,98673.0,45.0,234.0,106.1,,,,,
2023-01-17,Trier, ja,108.0,45.0,171.0,353.0,48160.0,112195.0,43065.0,13.0,69.0,61.5,,,,,
2023-01-18,Kaiserslautern,,,,,,,108216.0,57586.0,18.0,129.0,119.2,,,,,
2023-01-18,Koblenz, ja,294.0,137.0,451.0,148.0,40092.0,115268.0,50033.0,11.0,81.0,70.3,,,,,
2023-01-18,Ludwigshafen,,,,,,,174265.0,67804.0,20.0,116.0,66.6,,,,,
2023-01-18,Mainz,,,,,,,220552.0,98697.0,24.0,196.0,88.9,441.0,6.0,4.0,1.0,1.3605442176870748
2023-01-18,Trier,,,,,,,112195.0,43076.0,11.0,66.0,58.8,,,,,
2023-01-19,Kaiserslautern, ja,96.5,49.0,144.0,145.0,60194.0,108216.0,57613.0,27.0,133.0,122.9,,,,,
2023-01-19,Koblenz,,,,,,,115268.0,50038.0,5.0,75.0,65.1,,,,,
2023-01-19,Ludwigshafen,,,,,,,174265.0,67821.0,17.0,105.0,60.3,,,,,
2023-01-19,Mainz, ja,440.5,245.0,636.0,165.0,45709.0,220552.0,98746.0,49.0,178.0,80.7,,,,,
2023-01-19,Trier, ja,192.5,106.0,279.0,107.0,41562.0,112195.0,43081.0,5.0,58.0,51.7,,,,,
2023-01-20,Kaiserslautern,,,,,,,108216.0,57634.0,21.0,137.0,126.6,,,,,
2023-01-20,Koblenz,,,,,,,115268.0,50047.0,9.0,69.0,59.9,,,,,
2023-01-20,Ludwigshafen,,,,,,,174265.0,67836.0,15.0,95.0,54.5,,,,,
2023-01-20,Mainz,,,,,,,220552.0,98760.0,14.0,170.0,77.1,,,,,
2023-01-20,Trier,,,,,,,112195.0,43089.0,8.0,44.0,39.2,,,,,
2023-01-21,Kaiserslautern,,,,,,,108216.0,57651.0,17.0,124.0,114.6,,,,,
2023-01-21,Koblenz,,,,,,,115268.0,50055.0,8.0,68.0,59.0,,,,,
2023-01-21,Ludwigshafen,,,,,,,174265.0,67843.0,7.0,94.0,53.9,,,,,
2023-01-21,Mainz,,,,,,,220552.0,98787.0,27.0,159.0,72.1,,,,,
2023-01-21,Trier,,,,,,,112195.0,43097.0,8.0,45.0,40.1,,,,,
2023-01-22,Kaiserslautern,,,,,,,108216.0,57651.0,0.0,124.0,114.6,,,,,
2023-01-22,Koblenz,,,,,,,115268.0,50062.0,7.0,68.0,59.0,,,,,
2023-01-22,Ludwigshafen, ja,27.5,17.0,38.0,310.0,312684.0,174265.0,67851.0,8.0,95.0,54.5,,,,,
2023-01-22,Mainz,,,,,,,220552.0,98787.0,0.0,159.0,72.1,481.0,6.0,1.0,1.0,1.2474012474012475
2023-01-22,Trier,,,,,,,112195.0,43097.0,0.0,45.0,40.1,,,,,
2023-01-23,Kaiserslautern,,,,,,,108216.0,57651.0,0.0,124.0,114.6,,,,,
2023-01-23,Koblenz, ja,272.0,151.0,393.0,280.0,27312.0,115268.0,50065.0,3.0,67.0,58.1,,,,,
2023-01-23,Ludwigshafen,,,,,,,174265.0,67858.0,7.0,93.0,53.4,,,,,
2023-01-23,Mainz,,,,,,,220552.0,98787.0,0.0,159.0,72.1,,,,,
2023-01-23,Trier,,,,,,,112195.0,43097.0,0.0,45.0,40.1,,,,,
2023-01-24,Kaiserslautern, ja,273.5,181.0,366.0,619.0,65609.0,108216.0,57692.0,41.0,124.0,114.6,,,,,
2023-01-24,Koblenz,,,,,,,115268.0,50083.0,18.0,61.0,52.9,,,,,
2023-01-24,Ludwigshafen,,,,,,,174265.0,67866.0,8.0,82.0,47.1,,,,,
2023-01-24,Mainz, ja,442.5,324.0,561.0,213.0,60518.0,220552.0,98824.0,37.0,151.0,68.5,,,,,
2023-01-24,Trier, ja,181.5,109.0,254.0,130.0,32349.0,112195.0,43107.0,10.0,42.0,37.4,,,,,
2023-01-25,Kaiserslautern,,,,,,,108216.0,57711.0,19.0,125.0,115.5,,,,,
2023-01-25,Koblenz, ja,217.5,146.0,289.0,173.0,24560.0,115268.0,50096.0,13.0,63.0,54.7,,,,,
2023-01-25,Ludwigshafen,,,,,,,174265.0,67893.0,27.0,89.0,51.1,,,,,
2023-01-25,Mainz,,,,,,,220552.0,98857.0,33.0,160.0,72.5,490.0,5.0,1.0,1.0,1.0204081632653061
2023-01-25,Trier,,,,,,,112195.0,43118.0,11.0,42.0,37.4,,,,,
2023-01-26,Kaiserslautern, ja,162.5,81.0,244.0,388.0,62489.0,108216.0,57732.0,21.0,119.0,110.0,,,,,
2023-01-26,Koblenz,,,,,,,115268.0,50111.0,15.0,73.0,63.3,,,,,
2023-01-26,Ludwigshafen, nein,6.0,3.0,9.0,181.0,,174265.0,67915.0,22.0,94.0,53.9,,,,,
2023-01-26,Mainz, ja,291.5,175.0,408.0,211.0,46566.0,220552.0,98889.0,32.0,143.0,64.8,,,,,
2023-01-26,Trier, ja,189.0,85.0,293.0,221.0,25901.0,112195.0,43132.0,14.0,51.0,45.5,,,,,
2023-01-27,Kaiserslautern,,,,,,,108216.0,57763.0,31.0,129.0,119.2,,,,,
2023-01-27,Koblenz,,,,,,,115268.0,50125.0,14.0,78.0,67.7,,,,,
2023-01-27,Ludwigshafen,,,,,,,174265.0,67928.0,13.0,92.0,52.8,,,,,
2023-01-27,Mainz,,,,,,,220552.0,98918.0,29.0,158.0,71.6,,,,,
2023-01-27,Trier,,,,,,,112195.0,43143.0,11.0,54.0,48.1,,,,,
2023-01-28,Kaiserslautern,,,,,,,108216.0,57792.0,29.0,141.0,130.3,,,,,
2023-01-28,Koblenz,,,,,,,115268.0,50140.0,15.0,85.0,73.7,,,,,
2023-01-28,Ludwigshafen,,,,,,,174265.0,67940.0,12.0,97.0,55.7,,,,,
2023-01-28,Mainz,,,,,,,220552.0,98951.0,33.0,164.0,74.4,,,,,
2023-01-28,Trier,,,,,,,112195.0,43149.0,6.0,52.0,46.3,,,,,
2023-01-29,Kaiserslautern,,,,,,,108216.0,57792.0,0.0,141.0,130.3,401.0,2.0,2.0,1.0,0.4987531172069825
2023-01-29,Koblenz,,,,,,,115268.0,50145.0,5.0,83.0,72.0,469.0,1.0,1.0,1.0,0.21321961620469082
2023-01-29,Ludwigshafen, ja,13.5,27.0,0.0,1080.0,265000.0,174265.0,67945.0,5.0,94.0,53.9,,,,,
2023-01-29,Mainz,,,,,,,220552.0,98951.0,0.0,164.0,74.4,646.0,4.0,2.0,1.0,0.6191950464396285
2023-01-29,Trier,,,,,,,112195.0,43149.0,0.0,52.0,46.3,408.0,4.0,2.0,1.0,0.9803921568627451
2023-01-30,Kaiserslautern,,,,,,,108216.0,57792.0,0.0,141.0,130.3,,,,,
2023-01-30,Koblenz, ja,226.0,203.0,249.0,164.0,24172.0,115268.0,50150.0,5.0,85.0,73.7,,,,,
2023-01-30,Ludwigshafen,,,,,,,174265.0,67949.0,4.0,91.0,52.2,,,,,
2023-01-30,Mainz,,,,,,,220552.0,98951.0,0.0,164.0,74.4,,,,,
2023-01-30,Trier,,,,,,,112195.0,43149.0,0.0,52.0,46.3,,,,,
2023-01-31,Kaiserslautern, ja,208.5,115.0,302.0,268.0,60390.0,108216.0,57818.0,26.0,126.0,116.4,,,,,
2023-01-31,Koblenz,,,,,,,115268.0,50178.0,28.0,95.0,82.4,,,,,
2023-01-31,Ludwigshafen, ja,32.5,11.0,54.0,184.0,270357.0,174265.0,67965.0,16.0,99.0,56.8,,,,,
2023-01-31,Mainz, ja,317.5,232.0,403.0,241.0,44390.0,220552.0,99013.0,62.0,189.0,85.7,,,,,
2023-01-31,Trier, ja,250.0,142.0,358.0,160.0,25785.0,112195.0,43165.0,16.0,58.0,51.7,,,,,
2023-02-01,Kaiserslautern,,,,,,,108216.0,57864.0,46.0,153.0,141.4,468.0,4.0,2.0,1.0,0.8547008547008548
2023-02-01,Koblenz, ja,293.0,198.0,388.0,198.0,33380.0,115268.0,50194.0,16.0,98.0,85.0,535.0,4.0,4.0,1.0,0.7476635514018692
2023-02-01,Ludwigshafen,,,,,,,174265.0,67987.0,22.0,94.0,53.9,,,,,
2023-02-01,Mainz,,,,,,,220552.0,99058.0,45.0,201.0,91.1,754.0,6.0,4.0,1.0,0.7957559681697612
2023-02-01,Trier,,,,,,,112195.0,43177.0,12.0,59.0,52.6,480.0,5.0,3.0,1.0,1.0416666666666665
2023-02-02,Kaiserslautern, ja,202.0,87.0,317.0,473.0,67076.0,108216.0,57902.0,38.0,170.0,157.1,,,,,
2023-02-02,Koblenz,,,,,,,115268.0,50205.0,11.0,94.0,81.5,,,,,
2023-02-02,Ludwigshafen,,,,,,,174265.0,67993.0,6.0,78.0,44.8,,,,,
2023-02-02,Mainz, ja,619.5,539.0,700.0,369.0,82125.0,220552.0,99117.0,59.0,228.0,103.4,,,,,
2023-02-02,Trier, ja,270.0,174.0,366.0,211.0,27361.0,112195.0,43194.0,17.0,62.0,55.3,,,,,
2023-02-03,Kaiserslautern,,,,,,,108216.0,57924.0,22.0,161.0,148.8,,,,,
2023-02-03,Koblenz,,,,,,,115268.0,50218.0,13.0,93.0,80.7,,,,,
2023-02-03,Ludwigshafen,,,,,,,174265.0,68012.0,19.0,84.0,48.2,,,,,
2023-02-03,Mainz,,,,,,,220552.0,99164.0,47.0,246.0,111.5,,,,,
2023-02-03,Trier,,,,,,,112195.0,43212.0,18.0,69.0,61.5,,,,,
2023-02-04,Kaiserslautern,,,,,,,108216.0,57941.0,17.0,149.0,137.7,,,,,
2023-02-04,Koblenz,,,,,,,115268.0,50235.0,17.0,95.0,82.4,,,,,
2023-02-04,Ludwigshafen,,,,,,,174265.0,68038.0,26.0,98.0,56.2,,,,,
2023-02-04,Mainz,,,,,,,220552.0,99209.0,45.0,258.0,117.0,,,,,
2023-02-04,Trier,,,,,,,112195.0,43221.0,9.0,72.0,64.2,,,,,
2023-02-05,Kaiserslautern,,,,,,,108216.0,57941.0,0.0,149.0,137.7,519.0,6.0,4.0,1.0,1.1560693641618496
2023-02-05,Koblenz,,,,,,,115268.0,50245.0,10.0,100.0,86.8,589.0,9.0,6.0,1.0,1.5280135823429541
2023-02-05,Ludwigshafen, ja,7.5,0.0,15.0,349.0,275300.0,174265.0,68053.0,15.0,108.0,62.0,,,,,
2023-02-05,Mainz,,,,,,,220552.0,99209.0,0.0,258.0,117.0,842.0,12.0,7.0,1.0,1.4251781472684086
2023-02-05,Trier,,,,,,,112195.0,43221.0,0.0,72.0,64.2,520.0,5.0,3.0,1.0,0.9615384615384616
2023-02-06,Kaiserslautern,,,,,,,108216.0,57941.0,0.0,149.0,137.7,,,,,
2023-02-06,Koblenz, ja,128.5,114.0,143.0,192.0,24648.0,115268.0,50253.0,8.0,103.0,89.4,,,,,
2023-02-06,Ludwigshafen,,,,,,,174265.0,68057.0,4.0,108.0,62.0,,,,,
2023-02-06,Mainz,,,,,,,220552.0,99209.0,0.0,258.0,117.0,,,,,
2023-02-06,Trier,,,,,,,112195.0,43221.0,0.0,72.0,64.2,,,,,
2023-02-07,Kaiserslautern, ja,102.0,36.0,168.0,238.0,54490.0,108216.0,57976.0,35.0,158.0,146.0,,,,,
2023-02-07,Koblenz,,,,,,,115268.0,50292.0,39.0,114.0,98.9,,,,,
2023-02-07,Ludwigshafen, ja,8.5,9.0,8.0,163.0,254880.0,174265.0,68081.0,24.0,116.0,66.6,,,,,
2023-02-07,Mainz, ja,348.5,174.0,523.0,376.0,40474.0,220552.0,99275.0,66.0,262.0,118.8,,,,,
2023-02-07,Trier, ja,288.5,140.0,437.0,192.0,21891.0,112195.0,43248.0,27.0,83.0,74.0,,,,,
2023-02-08,Kaiserslautern,,,,,,,108216.0,57998.0,22.0,134.0,123.8,573.0,6.0,4.0,1.0,1.0471204188481675
2023-02-08,Koblenz, ja,438.5,405.0,472.0,251.0,24228.0,115268.0,50313.0,21.0,119.0,103.2,652.0,8.0,1.0,1.0,1.2269938650306749
2023-02-08,Ludwigshafen,,,,,,,174265.0,68104.0,23.0,117.0,67.1,382.0,4.0,2.0,1.0,1.0471204188481675
2023-02-08,Mainz,,,,,,,220552.0,99340.0,65.0,282.0,127.9,938.0,11.0,2.0,1.0,1.1727078891257996
2023-02-08,Trier,,,,,,,112195.0,43279.0,31.0,102.0,90.9,560.0,8.0,4.0,1.0,1.4285714285714286
2023-02-09,Kaiserslautern, ja,267.0,224.0,310.0,274.0,50981.0,108216.0,58037.0,39.0,135.0,124.8,,,,,
2023-02-09,Koblenz,,,,,,,115268.0,50331.0,18.0,126.0,109.3,,,,,
2023-02-09,Ludwigshafen,,,,,,,174265.0,68127.0,23.0,134.0,76.9,,,,,
2023-02-09,Mainz, ja,790.5,561.0,1020.0,378.0,43366.0,220552.0,99395.0,55.0,278.0,126.0,,,,,
2023-02-09,Trier, ja,416.0,280.0,552.0,187.0,20901.0,112195.0,43453.0,174.0,259.0,230.8,,,,,
2023-02-10,Kaiserslautern,,,,,,,108216.0,58085.0,48.0,161.0,148.8,,,,,
2023-02-10,Koblenz,,,,,,,115268.0,50354.0,23.0,136.0,118.0,,,,,
2023-02-10,Ludwigshafen,,,,,,,174265.0,68146.0,19.0,134.0,76.9,,,,,
2023-02-10,Mainz,,,,,,,220552.0,99427.0,32.0,263.0,119.2,,,,,
2023-02-10,Trier,,,,,,,112195.0,43655.0,202.0,443.0,394.8,,,,,
2023-02-11,Kaiserslautern,,,,,,,108216.0,58116.0,31.0,175.0,161.7,,,,,
2023-02-11,Koblenz,,,,,,,115268.0,50369.0,15.0,134.0,116.3,,,,,
2023-02-11,Ludwigshafen,,,,,,,174265.0,68174.0,28.0,136.0,78.0,,,,,
2023-02-11,Mainz,,,,,,,220552.0,99477.0,50.0,268.0,121.5,,,,,
2023-02-11,Trier,,,,,,,112195.0,43819.0,164.0,598.0,533.0,,,,,
2023-02-12,Kaiserslautern,,,,,,,108216.0,58116.0,0.0,175.0,161.7,619.0,11.0,8.0,1.0,1.7770597738287561
2023-02-12,Koblenz,,,,,,,115268.0,50382.0,13.0,137.0,118.9,697.0,8.0,3.0,1.0,1.1477761836441895
2023-02-12,Ludwigshafen, nein,56.5,0.0,113.0,382.0,256600.0,174265.0,68186.0,12.0,133.0,76.3,418.0,6.0,5.0,1.0,1.4354066985645932
2023-02-12,Mainz,,,,,,,220552.0,99477.0,0.0,268.0,121.5,1023.0,10.0,9.0,1.0,0.9775171065493646
2023-02-12,Trier,,,,,,,112195.0,43819.0,0.0,598.0,533.0,608.0,7.0,5.0,1.0,1.151315789473684
2023-02-13,Kaiserslautern,,,,,,,108216.0,58116.0,0.0,175.0,161.7,,,,,
2023-02-13,Koblenz, ja,1120.0,1050.0,1190.0,479.0,22644.0,115268.0,50392.0,10.0,139.0,120.6,,,,,
2023-02-13,Ludwigshafen,,,,,,,174265.0,68194.0,8.0,137.0,78.6,,,,,
2023-02-13,Mainz,,,,,,,220552.0,99477.0,0.0,268.0,121.5,,,,,
2023-02-13,Trier,,,,,,,112195.0,43819.0,0.0,598.0,533.0,,,,,
2023-02-14,Kaiserslautern, ja,902.0,764.0,1040.0,2036.0,49093.0,108216.0,58147.0,31.0,171.0,158.0,,,,,
2023-02-14,Koblenz,,,,,,,115268.0,50430.0,38.0,138.0,119.7,,,,,
2023-02-14,Ludwigshafen, ja,90.5,0.0,181.0,2071.0,263520.0,174265.0,68213.0,19.0,132.0,75.7,,,,,
2023-02-14,Mainz, nein,1285.0,1020.0,1550.0,1137.0,42918.0,220552.0,99549.0,72.0,274.0,124.2,,,,,
2023-02-14,Trier, ja,1178.5,827.0,1530.0,617.0,20515.0,112195.0,43858.0,39.0,610.0,543.7,,,,,
2023-02-15,Kaiserslautern,,,,,,,108216.0,58171.0,24.0,173.0,159.9,673.0,14.0,5.0,1.0,2.080237741456166
2023-02-15,Koblenz, ja,634.0,654.0,614.0,380.0,23896.0,115268.0,50467.0,37.0,154.0,133.6,740.0,8.0,3.0,1.0,1.0810810810810811
2023-02-15,Ludwigshafen,,,,,,,174265.0,68232.0,19.0,128.0,73.5,446.0,6.0,3.0,1.0,1.345291479820628
2023-02-15,Mainz,,,,,,,220552.0,99632.0,83.0,292.0,132.4,1119.0,20.0,12.0,1.0,1.7873100983020553
2023-02-15,Trier, ja,563.0,481.0,645.0,356.0,20506.0,112195.0,43884.0,26.0,605.0,539.2,650.0,11.0,8.0,1.0,1.6923076923076923
2023-02-16,Kaiserslautern, ja,394.5,290.0,499.0,131.0,50236.0,108216.0,58199.0,28.0,162.0,149.7,,,,,
2023-02-16,Koblenz,,,,,,,115268.0,50507.0,40.0,176.0,152.7,,,,,
2023-02-16,Ludwigshafen,,,,,,,174265.0,68258.0,26.0,131.0,75.2,,,,,
2023-02-16,Mainz, ja,1815.0,1360.0,2270.0,690.0,43379.0,220552.0,99703.0,71.0,308.0,139.6,,,,,
2023-02-16,Trier,,,,,,,112195.0,43901.0,17.0,448.0,399.3,,,,,
2023-02-17,Kaiserslautern,,,,,,,108216.0,58244.0,45.0,159.0,146.9,,,,,
2023-02-17,Koblenz,,,,,,,115268.0,50527.0,20.0,173.0,150.1,,,,,
2023-02-17,Ludwigshafen,,,,,,,174265.0,68285.0,27.0,139.0,79.8,,,,,
2023-02-17,Mainz,,,,,,,220552.0,99737.0,34.0,310.0,140.6,,,,,
2023-02-17,Trier,,,,,,,112195.0,43930.0,29.0,275.0,245.1,,,,,
2023-02-18,Kaiserslautern,,,,,,,108216.0,58271.0,27.0,155.0,143.2,,,,,
2023-02-18,Koblenz,,,,,,,115268.0,50551.0,24.0,182.0,157.9,,,,,
2023-02-18,Ludwigshafen,,,,,,,174265.0,68308.0,23.0,134.0,76.9,,,,,
2023-02-18,Mainz,,,,,,,220552.0,99781.0,44.0,304.0,137.8,,,,,
2023-02-18,Trier,,,,,,,112195.0,43937.0,7.0,118.0,105.2,,,,,
2023-02-19,Kaiserslautern,,,,,,,108216.0,58271.0,0.0,155.0,143.2,735.0,15.0,9.0,1.0,2.0408163265306123
2023-02-19,Koblenz,,,,,,,115268.0,50565.0,14.0,183.0,158.8,793.0,12.0,8.0,1.0,1.5132408575031526
2023-02-19,Ludwigshafen, ja,12.0,2.0,22.0,39.3,260613.0,174265.0,68321.0,13.0,135.0,77.5,494.0,6.0,4.0,1.0,1.214574898785425
2023-02-19,Mainz,,,,,,,220552.0,99781.0,0.0,304.0,137.8,1175.0,23.0,16.0,1.0,1.9574468085106382
2023-02-19,Trier,,,,,,,112195.0,43937.0,0.0,118.0,105.2,685.0,14.0,9.0,1.0,2.0437956204379564
2023-02-20,Kaiserslautern,,,,,,,108216.0,58271.0,0.0,155.0,143.2,,,,,
2023-02-20,Koblenz, ja,573.5,463.0,684.0,228.0,22108.0,115268.0,50576.0,11.0,184.0,159.6,,,,,
2023-02-20,Ludwigshafen,,,,,,,174265.0,68326.0,5.0,132.0,75.7,,,,,
2023-02-20,Mainz,,,,,,,220552.0,99781.0,0.0,304.0,137.8,,,,,
2023-02-20,Trier,,,,,,,112195.0,43937.0,0.0,118.0,105.2,,,,,
2023-02-21,Kaiserslautern, ja,571.0,502.0,640.0,860.0,49025.0,108216.0,58317.0,46.0,170.0,157.1,,,,,
2023-02-21,Koblenz,,,,,,,115268.0,50619.0,43.0,189.0,164.0,,,,,
2023-02-21,Ludwigshafen, ja,70.0,50.0,90.0,1153.0,262029.0,174265.0,68337.0,11.0,124.0,71.2,,,,,
2023-02-21,Mainz, ja,1140.0,1110.0,1170.0,412.0,41203.0,220552.0,99781.0,0.0,232.0,105.2,,,,,
2023-02-21,Trier, ja,639.5,563.0,716.0,198.0,17670.0,112195.0,43937.0,0.0,79.0,70.4,,,,,
2023-02-22,Kaiserslautern,,,,,,,108216.0,58360.0,43.0,189.0,174.7,746.0,16.0,8.0,1.0,2.1447721179624666
2023-02-22,Koblenz, ja,569.5,526.0,613.0,228.0,23348.0,115268.0,50681.0,62.0,214.0,185.7,834.0,26.0,17.0,1.0,3.117505995203837
2023-02-22,Ludwigshafen,,,,,,,174265.0,68378.0,41.0,146.0,83.8,491.0,9.0,3.0,1.0,1.8329938900203666
2023-02-22,Mainz,,,,,,,220552.0,99880.0,99.0,248.0,112.4,1229.0,39.0,25.0,1.0,3.173311635475997
2023-02-22,Trier,,,,,,,112195.0,43984.0,47.0,100.0,89.1,725.0,17.0,7.0,1.0,2.344827586206897
2023-02-23,Kaiserslautern, ja,448.5,370.0,527.0,1787.0,50426.0,108216.0,58426.0,66.0,227.0,209.8,,,,,
2023-02-23,Koblenz,,,,,,,115268.0,50751.0,70.0,244.0,211.7,,,,,
2023-02-23,Ludwigshafen,,,,,,,174265.0,68409.0,31.0,151.0,86.6,,,,,
2023-02-23,Mainz, ja,803.0,586.0,1020.0,808.0,43123.0,220552.0,99924.0,44.0,221.0,100.2,,,,,
2023-02-23,Trier, ja,554.5,532.0,577.0,372.0,20472.0,112195.0,44019.0,35.0,118.0,105.2,,,,,
2023-02-24,Kaiserslautern,,,,,,,108216.0,58471.0,45.0,227.0,209.8,,,,,
2023-02-24,Koblenz,,,,,,,115268.0,50821.0,70.0,294.0,255.1,,,,,
2023-02-24,Ludwigshafen,,,,,,,174265.0,68425.0,16.0,140.0,80.3,,,,,
2023-02-24,Mainz,,,,,,,220552.0,100029.0,105.0,292.0,132.4,,,,,
2023-02-24,Trier,,,,,,,112195.0,44051.0,32.0,121.0,107.8,,,,,
2023-02-25,Kaiserslautern,,,,,,,108216.0,58508.0,37.0,237.0,219.0,,,,,
2023-02-25,Koblenz,,,,,,,115268.0,50878.0,57.0,327.0,283.7,,,,,
2023-02-25,Ludwigshafen,,,,,,,174265.0,68440.0,15.0,132.0,75.7,,,,,
2023-02-25,Mainz,,,,,,,220552.0,100087.0,58.0,306.0,138.7,,,,,
2023-02-25,Trier,,,,,,,112195.0,44077.0,26.0,140.0,124.8,,,,,
2023-02-26,Kaiserslautern,,,,,,,108216.0,58508.0,0.0,237.0,219.0,823.0,14.0,8.0,1.0,1.701093560145808
2023-02-26,Koblenz,,,,,,,115268.0,50904.0,26.0,339.0,294.1,921.0,44.0,23.0,1.0,4.7774158523344195
2023-02-26,Ludwigshafen, ja,25.5,12.0,39.0,161.0,2565608.0,174265.0,68458.0,18.0,137.0,78.6,558.0,10.0,5.0,1.0,1.7921146953405016
2023-02-26,Mainz,,,,,,,220552.0,100087.0,0.0,306.0,138.7,1341.0,59.0,37.0,1.0,4.399701715137957
2023-02-26,Trier,,,,,,,112195.0,44077.0,0.0,140.0,124.8,826.0,20.0,10.0,1.0,2.4213075060532687
2023-02-27,Kaiserslautern,,,,,,,108216.0,58508.0,0.0,237.0,219.0,,,,,
2023-02-27,Koblenz, ja,505.5,526.0,485.0,374.0,23796.0,115268.0,50922.0,18.0,346.0,300.2,,,,,
2023-02-27,Ludwigshafen,,,,,,,174265.0,68461.0,3.0,135.0,77.5,,,,,
2023-02-27,Mainz,,,,,,,220552.0,100087.0,0.0,306.0,138.7,,,,,
2023-02-27,Trier,,,,,,,112195.0,44077.0,0.0,140.0,124.8,,,,,
2023-02-28,Kaiserslautern, ja,421.0,355.0,487.0,708.0,47638.0,108216.0,58603.0,95.0,286.0,264.3,,,,,
2023-02-28,Koblenz,,,,,,,115268.0,50987.0,65.0,368.0,319.3,,,,,
2023-02-28,Ludwigshafen, ja,62.0,25.0,99.0,521.0,253152.0,174265.0,68487.0,26.0,150.0,86.1,,,,,
2023-02-28,Mainz, ja,771.0,589.0,953.0,1987.0,42061.0,220552.0,100283.0,196.0,502.0,227.6,,,,,
2023-02-28,Trier, ja,594.5,477.0,712.0,239.0,19281.0,112195.0,44134.0,57.0,197.0,175.6,,,,,
2023-03-01,Kaiserslautern,,,,,,,108216.0,58656.0,53.0,296.0,273.5,924.0,18.0,11.0,1.0,1.948051948051948
2023-03-01,Koblenz, ja,1410.0,1060.0,1760.0,671.0,23548.0,115268.0,51042.0,55.0,361.0,313.2,1037.0,39.0,12.0,1.0,3.7608486017357765
2023-03-01,Ludwigshafen,,,,,,,174265.0,68509.0,22.0,131.0,75.2,622.0,19.0,12.0,1.0,3.054662379421222
2023-03-01,Mainz,,,,,,,220552.0,100387.0,104.0,507.0,229.9,1460.0,52.0,23.0,1.0,3.5616438356164384
2023-03-01,Trier,,,,,,,112195.0,44139.0,5.0,155.0,138.2,904.0,23.0,13.0,1.0,2.5442477876106198
2023-03-02,Kaiserslautern, ja,1101.5,613.0,1590.0,532.0,46919.0,108216.0,58700.0,44.0,274.0,253.2,,,,,
2023-03-02,Koblenz,,,,,,,115268.0,51071.0,29.0,320.0,277.6,,,,,
2023-03-02,Ludwigshafen,,,,,,,174265.0,68524.0,15.0,115.0,66.0,,,,,
2023-03-02,Mainz, ja,1555.0,1070.0,2040.0,610.0,42355.0,220552.0,100457.0,70.0,533.0,241.7,,,,,
2023-03-02,Trier, ja,1793.5,937.0,2650.0,760.0,18556.0,112195.0,44219.0,80.0,200.0,178.3,,,,,
2023-03-03,Kaiserslautern,,,,,,,108216.0,58717.0,17.0,246.0,227.3,,,,,
2023-03-03,Koblenz,,,,,,,115268.0,51102.0,31.0,281.0,243.8,,,,,
2023-03-03,Ludwigshafen,,,,,,,174265.0,68532.0,8.0,107.0,61.4,,,,,
2023-03-03,Mainz,,,,,,,220552.0,100481.0,24.0,452.0,204.9,,,,,
2023-03-03,Trier,,,,,,,112195.0,44247.0,28.0,196.0,174.7,,,,,
2023-03-04,Kaiserslautern,,,,,,,108216.0,58725.0,8.0,217.0,200.5,,,,,
2023-03-04,Koblenz,,,,,,,115268.0,51120.0,18.0,242.0,209.9,,,,,
2023-03-04,Ludwigshafen,,,,,,,174265.0,68554.0,22.0,114.0,65.4,,,,,
2023-03-04,Mainz,,,,,,,220552.0,100515.0,34.0,428.0,194.1,,,,,
2023-03-04,Trier,,,,,,,112195.0,44263.0,16.0,186.0,165.8,,,,,
2023-03-05,Kaiserslautern,,,,,,,108216.0,58725.0,0.0,217.0,200.5,1077.0,20.0,13.0,1.0,1.8570102135561743
2023-03-05,Koblenz,,,,,,,115268.0,51137.0,17.0,233.0,202.1,1234.0,48.0,28.0,1.0,3.889789303079417
2023-03-05,Ludwigshafen,,,,,,,174265.0,68556.0,2.0,98.0,56.2,721.0,20.0,9.0,1.0,2.7739251040221915
2023-03-05,Mainz,,,,,,,220552.0,100515.0,0.0,428.0,194.1,1740.0,39.0,20.0,1.0,2.2413793103448274
2023-03-05,Trier,,,,,,,112195.0,44263.0,0.0,186.0,165.8,1053.0,34.0,21.0,1.0,3.2288698955365627
2023-03-06,Kaiserslautern,,,,,,,108216.0,58725.0,0.0,217.0,200.5,,,,,
2023-03-06,Koblenz, ja,459.0,310.0,608.0,218.0,25516.0,115268.0,51142.0,5.0,220.0,190.9,,,,,
2023-03-06,Ludwigshafen, ja,0.5,0.0,1.0,3.14,254880.0,174265.0,68558.0,2.0,97.0,55.7,,,,,
2023-03-06,Mainz,,,,,,,220552.0,100515.0,0.0,428.0,194.1,,,,,
2023-03-06,Trier,,,,,,,112195.0,44263.0,0.0,186.0,165.8,,,,,
2023-03-07,Kaiserslautern, ja,346.5,173.0,520.0,194.0,49580.0,108216.0,58741.0,16.0,138.0,127.5,,,,,
2023-03-07,Koblenz,,,,,,,115268.0,51169.0,27.0,182.0,157.9,,,,,
2023-03-07,Ludwigshafen,,,,,,,174265.0,68579.0,21.0,92.0,52.8,,,,,
2023-03-07,Mainz, nein,513.0,437.0,589.0,162.0,41715.0,220552.0,100547.0,32.0,264.0,119.7,,,,,
2023-03-07,Trier, ja,954.5,559.0,1350.0,396.0,,112195.0,44276.0,13.0,142.0,126.6,,,,,
2023-03-08,Kaiserslautern,,,,,,,108216.0,58753.0,12.0,97.0,89.6,1177.0,27.0,15.0,1.0,2.2939677145284625
2023-03-08,Koblenz,,,,,,,115268.0,51195.0,26.0,153.0,132.7,1336.0,40.0,13.0,1.0,2.9940119760479043
2023-03-08,Ludwigshafen, ja,106.5,57.0,156.0,184.0,351933.0,174265.0,68588.0,9.0,79.0,45.3,797.0,21.0,6.0,1.0,2.6348808030112925
2023-03-08,Mainz,,,,,,,220552.0,100580.0,33.0,193.0,87.5,1886.0,46.0,28.0,1.0,2.4390243902439024
2023-03-08,Trier,,,,,,,112195.0,44288.0,12.0,149.0,132.8,1138.0,32.0,16.0,1.0,2.8119507908611596
2023-03-09,Kaiserslautern, ja,203.0,149.0,257.0,124.0,112777.0,108216.0,58761.0,8.0,61.0,56.4,,,,,
2023-03-09,Koblenz,,,,,,,115268.0,51215.0,20.0,144.0,124.9,,,,,
2023-03-09,Ludwigshafen,,,,,,,174265.0,68604.0,16.0,80.0,45.9,,,,,
2023-03-09,Mainz, ja,992.5,715.0,1270.0,148.0,103117.0,220552.0,100603.0,23.0,146.0,66.2,,,,,
2023-03-09,Trier, ja,99.0,46.0,152.0,108.0,,112195.0,44303.0,15.0,84.0,74.9,,,,,
2023-03-10,Kaiserslautern,,,,,,,108216.0,58773.0,12.0,56.0,51.7,,,,,
2023-03-10,Koblenz,,,,,,,115268.0,51227.0,12.0,125.0,108.4,,,,,
2023-03-10,Ludwigshafen,,,,,,,174265.0,68619.0,15.0,87.0,49.9,,,,,
2023-03-10,Mainz,,,,,,,220552.0,100620.0,17.0,139.0,63.0,,,,,
2023-03-10,Trier,,,,,,,112195.0,44322.0,19.0,75.0,66.8,,,,,
2023-03-11,Kaiserslautern,,,,,,,108216.0,58836.0,63.0,111.0,102.6,,,,,
2023-03-11,Koblenz,,,,,,,115268.0,51246.0,19.0,126.0,109.3,,,,,
2023-03-11,Ludwigshafen,,,,,,,174265.0,68638.0,19.0,84.0,48.2,,,,,
2023-03-11,Mainz,,,,,,,220552.0,100636.0,16.0,121.0,54.9,,,,,
2023-03-11,Trier,,,,,,,112195.0,44330.0,8.0,67.0,59.7,,,,,
2023-03-12,Kaiserslautern,,,,,,,108216.0,58836.0,0.0,111.0,102.6,1308.0,32.0,17.0,1.0,2.4464831804281344
2023-03-12,Koblenz,,,,,,,115268.0,51251.0,5.0,114.0,98.9,1540.0,36.0,18.0,1.0,2.3376623376623376
2023-03-12,Ludwigshafen,,,,,,,174265.0,68647.0,9.0,91.0,52.2,864.0,13.0,6.0,1.0,1.5046296296296295
2023-03-12,Mainz,,,,,,,220552.0,100636.0,0.0,121.0,54.9,2117.0,38.0,15.0,1.0,1.7949929145016534
2023-03-12,Trier,,,,,,,112195.0,44330.0,0.0,67.0,59.7,1237.0,37.0,21.0,1.0,2.9911075181891675
2023-03-13,Kaiserslautern,,,,,,,108216.0,58836.0,0.0,111.0,102.6,,,,,
2023-03-13,Koblenz, ja,235.0,188.0,282.0,115.0,27452.0,115268.0,51257.0,6.0,115.0,99.8,,,,,
2023-03-13,Ludwigshafen, ja,2.5,0.0,5.0,26.7,323222.0,174265.0,68649.0,2.0,91.0,52.2,,,,,
2023-03-13,Mainz,,,,,,,220552.0,100636.0,0.0,121.0,54.9,,,,,
2023-03-13,Trier,,,,,,,112195.0,44330.0,0.0,67.0,59.7,,,,,
2023-03-14,Kaiserslautern, ja,83.0,49.0,117.0,234.0,90409.0,108216.0,58887.0,51.0,146.0,134.9,,,,,
2023-03-14,Koblenz,,,,,,,115268.0,51281.0,24.0,112.0,97.2,,,,,
2023-03-14,Ludwigshafen,,,,,,,174265.0,68660.0,11.0,81.0,46.5,,,,,
2023-03-14,Mainz, nein,148.0,107.0,189.0,111.0,70374.0,220552.0,100654.0,18.0,107.0,48.5,,,,,
2023-03-14,Trier, nein,43.0,19.0,67.0,225.0,37297.0,112195.0,44352.0,22.0,76.0,67.7,,,,,
2023-03-15,Kaiserslautern,,,,,,,108216.0,58920.0,33.0,167.0,154.3,1449.0,30.0,11.0,1.0,2.070393374741201
2023-03-15,Koblenz, ja,429.0,330.0,528.0,232.0,62016.0,115268.0,51302.0,21.0,107.0,92.8,1706.0,43.0,25.0,1.0,2.5205158264947247
2023-03-15,Ludwigshafen, ja,48.5,12.0,85.0,130.0,276037.0,174265.0,68676.0,16.0,88.0,50.5,963.0,12.0,6.0,1.0,1.2461059190031152
2023-03-15,Mainz,,,,,,,220552.0,100680.0,26.0,100.0,45.3,2304.0,32.0,12.0,1.0,1.3888888888888888
2023-03-15,Trier,,,,,,,112195.0,44357.0,5.0,69.0,61.5,1391.0,25.0,10.0,1.0,1.7972681524083391
2023-03-16,Kaiserslautern, ja,461.5,295.0,628.0,556.0,69042.0,108216.0,58930.0,10.0,169.0,156.2,,,,,
2023-03-16,Koblenz,,,,,,,115268.0,51314.0,12.0,99.0,85.9,,,,,
2023-03-16,Ludwigshafen,,,,,,,174265.0,68681.0,5.0,77.0,44.2,,,,,
2023-03-16,Mainz, nein,944.5,639.0,1250.0,472.0,44224.0,220552.0,100690.0,10.0,87.0,39.4,,,,,
2023-03-16,Trier, nein,548.5,425.0,672.0,403.0,44173.0,112195.0,44369.0,12.0,66.0,58.8,,,,,
2023-03-17,Kaiserslautern,,,,,,,108216.0,58936.0,6.0,163.0,150.6,,,,,
2023-03-17,Koblenz,,,,,,,115268.0,51330.0,16.0,103.0,89.4,,,,,
2023-03-17,Ludwigshafen,,,,,,,174265.0,68691.0,10.0,72.0,41.3,,,,,
2023-03-17,Mainz,,,,,,,220552.0,100701.0,11.0,81.0,36.7,,,,,
2023-03-17,Trier,,,,,,,112195.0,44379.0,10.0,57.0,50.8,,,,,
2023-03-18,Kaiserslautern,,,,,,,108216.0,58943.0,7.0,107.0,98.9,,,,,
2023-03-18,Koblenz,,,,,,,115268.0,51337.0,7.0,91.0,78.9,,,,,
2023-03-18,Ludwigshafen,,,,,,,174265.0,68702.0,11.0,64.0,36.7,,,,,
2023-03-18,Mainz,,,,,,,220552.0,100709.0,8.0,73.0,33.1,,,,,
2023-03-18,Trier,,,,,,,112195.0,44386.0,7.0,56.0,49.9,,,,,
2023-03-19,Kaiserslautern,,,,,,,108216.0,58943.0,0.0,107.0,98.9,1632.0,28.0,11.0,1.0,1.715686274509804
2023-03-19,Koblenz,,,,,,,115268.0,51342.0,5.0,91.0,78.9,1950.0,40.0,20.0,1.0,2.051282051282051
2023-03-19,Ludwigshafen, ja,1.0,0.0,2.0,0.943,280092.0,174265.0,68709.0,7.0,62.0,35.6,1067.0,17.0,11.0,1.0,1.5932521087160263
2023-03-19,Mainz,,,,,,,220552.0,100709.0,0.0,73.0,33.1,2638.0,32.0,18.0,1.0,1.2130401819560273
2023-03-19,Trier,,,,,,,112195.0,44386.0,0.0,56.0,49.9,1544.0,24.0,9.0,1.0,1.5544041450777202
2023-03-20,Kaiserslautern,,,,,,,108216.0,58943.0,0.0,107.0,98.9,,,,,
2023-03-20,Koblenz,,,,,,,115268.0,51342.0,0.0,85.0,73.7,,,,,
2023-03-20,Ludwigshafen,,,,,,,174265.0,68712.0,3.0,63.0,36.2,,,,,
2023-03-20,Mainz,,,,,,,220552.0,100709.0,0.0,73.0,33.1,,,,,
2023-03-20,Trier,,,,,,,112195.0,44386.0,0.0,56.0,49.9,,,,,
2023-03-21,Kaiserslautern, ja,146.0,74.0,218.0,118.0,52351.0,108216.0,58950.0,7.0,63.0,58.2,,,,,
2023-03-21,Koblenz, ja,350.5,180.0,521.0,58.8,27008.0,115268.0,51362.0,20.0,81.0,70.3,,,,,
2023-03-21,Ludwigshafen,,,,,,,174265.0,68729.0,17.0,69.0,39.6,,,,,
2023-03-21,Mainz, nein,209.0,99.0,319.0,25.7,,220552.0,100729.0,20.0,75.0,34.0,,,,,
2023-03-21,Trier, nein,195.0,80.0,310.0,37.1,26064.0,112195.0,44393.0,7.0,41.0,36.5,,,,,
2023-03-22,Kaiserslautern,,,,,,,108216.0,58959.0,9.0,39.0,36.0,1658.0,23.0,13.0,1.0,1.3872135102533172
2023-03-22,Koblenz, ja,547.0,501.0,593.0,380.0,26964.0,115268.0,51368.0,6.0,66.0,57.3,1992.0,32.0,8.0,1.0,1.6064257028112447
2023-03-22,Ludwigshafen, ja,58.5,26.0,91.0,89.9,252288.0,174265.0,68737.0,8.0,61.0,35.0,1105.0,17.0,10.0,1.0,1.5384615384615385
2023-03-22,Mainz,,,,,,,220552.0,100744.0,15.0,64.0,29.0,2671.0,33.0,16.0,1.0,1.2354923249719205
2023-03-22,Trier,,,,,,,112195.0,44401.0,8.0,44.0,39.2,1632.0,19.0,8.0,1.0,1.1642156862745099
2023-03-23,Kaiserslautern, nein,543.5,396.0,691.0,1107.0,,108216.0,58970.0,11.0,40.0,37.0,,,,,
2023-03-23,Koblenz,,,,,,,115268.0,51381.0,13.0,67.0,58.1,,,,,
2023-03-23,Ludwigshafen,,,,,,,174265.0,68747.0,10.0,66.0,37.9,,,,,
2023-03-23,Mainz, nein,393.0,339.0,447.0,230.0,44134.0,220552.0,100756.0,12.0,66.0,29.9,,,,,
2023-03-23,Trier, nein,559.0,599.0,519.0,645.0,23989.0,112195.0,44405.0,4.0,36.0,32.1,,,,,
2023-03-24,Kaiserslautern,,,,,,,108216.0,58982.0,12.0,46.0,42.5,,,,,
2023-03-24,Koblenz,,,,,,,115268.0,51392.0,11.0,62.0,53.8,,,,,
2023-03-24,Ludwigshafen,,,,,,,174265.0,68755.0,8.0,64.0,36.7,,,,,
2023-03-24,Mainz,,,,,,,220552.0,100763.0,7.0,62.0,28.1,,,,,
2023-03-24,Trier,,,,,,,112195.0,44417.0,12.0,38.0,33.9,,,,,
2023-03-25,Kaiserslautern,,,,,,,108216.0,58990.0,8.0,47.0,43.4,,,,,
2023-03-25,Koblenz,,,,,,,115268.0,51405.0,13.0,68.0,59.0,,,,,
2023-03-25,Ludwigshafen,,,,,,,174265.0,68763.0,8.0,61.0,35.0,,,,,
2023-03-25,Mainz,,,,,,,220552.0,100776.0,13.0,67.0,30.4,,,,,
2023-03-25,Trier,,,,,,,112195.0,44417.0,0.0,31.0,27.6,,,,,
2023-03-26,Kaiserslautern,,,,,,,108216.0,58990.0,0.0,47.0,43.4,1836.0,20.0,10.0,1.0,1.0893246187363834
2023-03-26,Koblenz,,,,,,,115268.0,51406.0,1.0,64.0,55.5,2138.0,26.0,21.0,1.0,1.216089803554724
2023-03-26,Ludwigshafen,,,,,,,174265.0,68766.0,3.0,57.0,32.7,1224.0,18.0,10.0,1.0,1.4705882352941175
2023-03-26,Mainz,,,,,,,220552.0,100776.0,0.0,67.0,30.4,2889.0,31.0,15.0,1.0,1.0730356524749047
2023-03-26,Trier,,,,,,,112195.0,44417.0,0.0,31.0,27.6,1790.0,24.0,12.0,1.0,1.3407821229050279
2023-03-27,Kaiserslautern,,,,,,,108216.0,58990.0,0.0,47.0,43.4,,,,,
2023-03-27,Koblenz, ja,395.5,246.0,545.0,198.0,47748.0,115268.0,51410.0,4.0,68.0,59.0,,,,,
2023-03-27,Ludwigshafen, ja,43.5,17.0,70.0,239.0,250560.0,174265.0,68766.0,0.0,54.0,31.0,,,,,
2023-03-27,Mainz,,,,,,,220552.0,100776.0,0.0,67.0,30.4,,,,,
2023-03-27,Trier,,,,,,,112195.0,44417.0,0.0,31.0,27.6,,,,,
2023-03-28,Kaiserslautern, ja,407.0,246.0,568.0,277.0,69358.0,108216.0,58999.0,9.0,49.0,45.3,,,,,
2023-03-28,Koblenz,,,,,,,115268.0,51425.0,15.0,63.0,54.7,,,,,
2023-03-28,Ludwigshafen,,,,,,,174265.0,68785.0,19.0,56.0,32.1,,,,,
2023-03-28,Mainz, nein,289.5,218.0,361.0,164.0,72154.0,220552.0,100784.0,8.0,55.0,24.9,,,,,
2023-03-28,Trier, nein,447.0,256.0,638.0,258.0,39358.0,112195.0,44426.0,9.0,33.0,29.4,,,,,
2023-03-29,Kaiserslautern,,,,,,,108216.0,59003.0,4.0,44.0,40.7,1872.0,20.0,9.0,1.0,1.0683760683760684
2023-03-29,Koblenz, ja,839.0,218.0,1460.0,401.0,28212.0,115268.0,51431.0,6.0,63.0,54.7,2175.0,18.0,7.0,1.0,0.8275862068965517
2023-03-29,Ludwigshafen, ja,6.0,12.0,0.0,53.6,256490.0,174265.0,68796.0,11.0,59.0,33.9,1226.0,14.0,3.0,1.0,1.1419249592169658
2023-03-29,Mainz,,,,,,,220552.0,100788.0,4.0,44.0,19.9,2926.0,24.0,11.0,1.0,0.8202323991797676
2023-03-29,Trier,,,,,,,112195.0,44427.0,1.0,26.0,23.2,1794.0,21.0,8.0,1.0,1.1705685618729096
2023-03-30,Kaiserslautern, ja,776.0,352.0,1200.0,390.0,30247.0,108216.0,59019.0,16.0,49.0,45.3,,,,,
2023-03-30,Koblenz,,,,,,,115268.0,51437.0,6.0,56.0,48.6,,,,,
2023-03-30,Ludwigshafen,,,,,,,174265.0,68804.0,8.0,57.0,32.7,,,,,
2023-03-30,Mainz, nein,522.0,330.0,714.0,125.0,43674.0,220552.0,100794.0,6.0,38.0,17.2,,,,,
2023-03-30,Trier, nein,506.0,322.0,690.0,244.0,28135.0,112195.0,44432.0,5.0,27.0,24.1,,,,,
2023-03-31,Kaiserslautern,,,,,,,108216.0,59025.0,6.0,43.0,39.7,,,,,
2023-03-31,Koblenz,,,,,,,115268.0,51445.0,8.0,53.0,46.0,,,,,
2023-03-31,Ludwigshafen,,,,,,,174265.0,68812.0,8.0,57.0,32.7,,,,,
2023-03-31,Mainz,,,,,,,220552.0,100799.0,5.0,36.0,16.3,,,,,
2023-03-31,Trier,,,,,,,112195.0,44438.0,6.0,21.0,18.7,,,,,
2023-04-01,Kaiserslautern,,,,,,,108216.0,59033.0,8.0,43.0,39.7,,,,,
2023-04-01,Koblenz,,,,,,,115268.0,51445.0,0.0,40.0,34.7,,,,,
2023-04-01,Ludwigshafen,,,,,,,174265.0,68815.0,3.0,52.0,29.8,,,,,
2023-04-01,Mainz,,,,,,,220552.0,100799.0,0.0,23.0,10.4,,,,,
2023-04-01,Trier,,,,,,,112195.0,44440.0,2.0,23.0,20.5,,,,,
2023-04-02,Kaiserslautern,,,,,,,108216.0,59033.0,0.0,43.0,39.7,2032.0,19.0,10.0,1.0,0.9350393700787403
2023-04-02,Koblenz,,,,,,,115268.0,51445.0,0.0,39.0,33.8,2320.0,16.0,11.0,1.0,0.6896551724137931
2023-04-02,Ludwigshafen,,,,,,,174265.0,68816.0,1.0,50.0,28.7,1352.0,11.0,6.0,1.0,0.8136094674556213
2023-04-02,Mainz,,,,,,,220552.0,100799.0,0.0,23.0,10.4,2991.0,25.0,13.0,1.0,0.8358408559010365
2023-04-02,Trier,,,,,,,112195.0,44440.0,0.0,23.0,20.5,2010.0,18.0,9.0,1.0,0.8955223880597015
2023-04-03,Kaiserslautern,,,,,,,108216.0,59033.0,0.0,43.0,39.7,,,,,
2023-04-03,Koblenz, ja,335.5,262.0,409.0,197.0,33116.0,115268.0,51445.0,0.0,35.0,30.4,,,,,
2023-04-03,Ludwigshafen, ja,55.5,19.0,92.0,203.0,260540.0,174265.0,68816.0,0.0,50.0,28.7,,,,,
2023-04-03,Mainz,,,,,,,220552.0,100799.0,0.0,23.0,10.4,,,,,
2023-04-03,Trier,,,,,,,112195.0,44440.0,0.0,23.0,20.5,,,,,
2023-04-04,Kaiserslautern, ja,221.5,176.0,267.0,277.0,59485.0,108216.0,59042.0,9.0,43.0,39.7,,,,,
2023-04-04,Koblenz,,,,,,,115268.0,51445.0,0.0,20.0,17.4,,,,,
2023-04-04,Ludwigshafen,,,,,,,174265.0,68826.0,10.0,41.0,23.5,,,,,
2023-04-04,Mainz, nein,292.5,191.0,394.0,123.0,43597.0,220552.0,100810.0,11.0,26.0,11.8,,,,,
2023-04-04,Trier, nein,123.5,89.0,158.0,305.0,50091.0,112195.0,44440.0,0.0,14.0,12.5,,,,,
2023-04-05,Kaiserslautern,,,,,,,108216.0,59046.0,4.0,43.0,39.7,2087.0,20.0,12.0,1.0,0.9583133684714902
2023-04-05,Koblenz, ja,204.0,164.0,244.0,99.0,29680.0,115268.0,51445.0,0.0,14.0,12.1,2355.0,20.0,11.0,1.0,0.8492569002123143
2023-04-05,Ludwigshafen, ja,7.5,1.0,14.0,20.8,258620.0,174265.0,68830.0,4.0,34.0,19.5,1435.0,12.0,6.0,1.0,0.8362369337979094
2023-04-05,Mainz,,,,,,,220552.0,100811.0,1.0,23.0,10.4,2960.0,30.0,13.0,1.0,1.0135135135135136
2023-04-05,Trier,,,,,,,112195.0,44440.0,0.0,13.0,11.6,2042.0,13.0,8.0,1.0,0.6366307541625857
2023-04-06,Kaiserslautern, ja,119.0,88.0,150.0,166.0,57408.0,108216.0,59056.0,10.0,37.0,34.2,,,,,
2023-04-06,Koblenz,,,,,,,115268.0,51448.0,3.0,11.0,9.5,,,,,
2023-04-06,Ludwigshafen,,,,,,,174265.0,68832.0,2.0,28.0,16.1,,,,,
2023-04-06,Mainz, nein,369.5,297.0,442.0,169.0,44147.0,220552.0,100818.0,7.0,24.0,10.9,,,,,
2023-04-06,Trier, nein,119.5,70.0,169.0,72.4,32751.0,112195.0,44440.0,0.0,8.0,7.1,,,,,
2023-04-07,Kaiserslautern,,,,,,,108216.0,59062.0,6.0,37.0,34.2,,,,,
2023-04-07,Koblenz,,,,,,,115268.0,51448.0,0.0,3.0,2.6,,,,,
2023-04-07,Ludwigshafen,,,,,,,174265.0,68833.0,1.0,21.0,12.1,,,,,
2023-04-07,Mainz,,,,,,,220552.0,100821.0,3.0,22.0,10.0,,,,,
2023-04-07,Trier,,,,,,,112195.0,44440.0,0.0,2.0,1.8,,,,,
2023-04-08,Kaiserslautern,,,,,,,108216.0,59062.0,0.0,29.0,26.8,,,,,
2023-04-08,Koblenz,,,,,,,115268.0,51448.0,0.0,3.0,2.6,,,,,
2023-04-08,Ludwigshafen,,,,,,,174265.0,68835.0,2.0,20.0,11.5,,,,,
2023-04-08,Mainz,,,,,,,220552.0,100821.0,0.0,22.0,10.0,,,,,
2023-04-08,Trier,,,,,,,112195.0,44440.0,0.0,0.0,0.0,,,,,
2023-04-09,Kaiserslautern,,,,,,,108216.0,59062.0,0.0,29.0,26.8,2123.0,24.0,12.0,1.0,1.1304757418747056
2023-04-09,Koblenz,,,,,,,115268.0,51448.0,0.0,3.0,2.6,2287.0,18.0,10.0,1.0,0.7870572802798426
2023-04-09,Ludwigshafen, ja,48.0,14.0,82.0,93.4,249656.0,174265.0,68835.0,0.0,19.0,10.9,1468.0,10.0,4.0,1.0,0.6811989100817438
2023-04-09,Mainz,,,,,,,220552.0,100821.0,0.0,22.0,10.0,2826.0,20.0,1.0,1.0,0.7077140835102618
2023-04-09,Trier,,,,,,,112195.0,44440.0,0.0,0.0,0.0,2042.0,16.0,9.0,1.0,0.7835455435847208
2023-04-10,Kaiserslautern,,,,,,,108216.0,59062.0,0.0,29.0,26.8,,,,,
2023-04-10,Koblenz, ja,229.0,127.0,331.0,53.0,24816.0,115268.0,51448.0,0.0,3.0,2.6,,,,,
2023-04-10,Ludwigshafen,,,,,,,174265.0,68837.0,2.0,21.0,12.1,,,,,
2023-04-10,Mainz,,,,,,,220552.0,100821.0,0.0,22.0,10.0,,,,,
2023-04-10,Trier,,,,,,,112195.0,44440.0,0.0,0.0,0.0,,,,,
2023-04-11,Kaiserslautern, ja,243.0,154.0,332.0,215.0,53800.0,108216.0,59062.0,0.0,20.0,18.5,,,,,
2023-04-11,Koblenz,,,,,,,115268.0,51448.0,0.0,3.0,2.6,,,,,
2023-04-11,Ludwigshafen, nein,43.5,20.0,67.0,132.0,292616.0,174265.0,68839.0,2.0,13.0,7.5,,,,,
2023-04-11,Mainz, nein,740.5,554.0,927.0,88.0,39488.0,220552.0,100821.0,0.0,11.0,5.0,,,,,
2023-04-11,Trier, nein,331.0,185.0,477.0,50.8,22902.0,112195.0,44440.0,0.0,0.0,0.0,,,,,
2023-04-12,Kaiserslautern,,,,,,,108216.0,59082.0,20.0,36.0,33.3,2218.0,17.0,6.0,1.0,0.7664562669071235
2023-04-12,Koblenz, ja,108.5,88.0,129.0,154.0,36812.0,115268.0,51448.0,0.0,3.0,2.6,2382.0,13.0,5.0,1.0,0.54575986565911
2023-04-12,Ludwigshafen,,,,,,,174265.0,68844.0,5.0,14.0,8.0,1591.0,7.0,2.0,1.0,0.43997485857950974
2023-04-12,Mainz,,,,,,,220552.0,100827.0,6.0,16.0,7.3,2961.0,19.0,11.0,1.0,0.6416751097602161
2023-04-12,Trier,,,,,,,112195.0,44448.0,8.0,8.0,7.1,2168.0,19.0,7.0,1.0,0.8763837638376383
2023-04-13,Kaiserslautern, ja,90.0,60.0,120.0,174.0,129869.0,108216.0,59093.0,11.0,37.0,34.2,,,,,
2023-04-13,Koblenz,,,,,,,115268.0,51448.0,0.0,0.0,0.0,,,,,
2023-04-13,Ludwigshafen,,,,,,,174265.0,68848.0,4.0,16.0,9.2,,,,,
2023-04-13,Mainz, nein,122.0,88.0,156.0,190.0,101466.0,220552.0,100829.0,2.0,11.0,5.0,,,,,
2023-04-13,Trier, nein,87.5,57.0,118.0,148.0,43399.0,112195.0,44459.0,11.0,19.0,16.9,,,,,
2023-04-14,Kaiserslautern,,,,,,,108216.0,59099.0,6.0,37.0,34.2,,,,,
2023-04-14,Koblenz,,,,,,,115268.0,51449.0,1.0,1.0,0.9,,,,,
2023-04-14,Ludwigshafen,,,,,,,174265.0,68848.0,0.0,15.0,8.6,,,,,
2023-04-14,Mainz,,,,,,,220552.0,100832.0,3.0,11.0,5.0,,,,,
2023-04-14,Trier,,,,,,,112195.0,44463.0,4.0,23.0,20.5,,,,,
2023-04-15,Kaiserslautern,,,,,,,108216.0,59102.0,3.0,40.0,37.0,,,,,
2023-04-15,Koblenz,,,,,,,115268.0,51449.0,0.0,1.0,0.9,,,,,
2023-04-15,Ludwigshafen,,,,,,,174265.0,68850.0,2.0,15.0,8.6,,,,,
2023-04-15,Mainz,,,,,,,220552.0,100835.0,3.0,14.0,6.3,,,,,
2023-04-15,Trier,,,,,,,112195.0,44465.0,2.0,25.0,22.3,,,,,
2023-04-16,Kaiserslautern,,,,,,,108216.0,59102.0,0.0,40.0,37.0,2318.0,18.0,10.0,1.0,0.7765314926660914
2023-04-16,Koblenz,,,,,,,115268.0,51449.0,0.0,1.0,0.9,2428.0,12.0,6.0,1.0,0.4942339373970346
2023-04-16,Ludwigshafen,,,,,,,174265.0,68851.0,1.0,16.0,9.2,2165.0,16.0,12.0,1.0,0.7390300230946882
2023-04-16,Mainz,,,,,,,220552.0,100835.0,0.0,14.0,6.3,2990.0,22.0,11.0,1.0,0.7357859531772575
2023-04-16,Trier,,,,,,,112195.0,44465.0,0.0,25.0,22.3,2297.0,21.0,13.0,1.0,0.914235959947758
2023-04-17,Kaiserslautern,,,,,,,108216.0,59102.0,0.0,40.0,37.0,,,,,
2023-04-17,Koblenz, ja,169.0,167.0,171.0,229.0,27076.0,115268.0,51449.0,0.0,1.0,0.9,,,,,
2023-04-17,Ludwigshafen, ja,27.5,15.0,40.0,267.0,261400.0,174265.0,68851.0,0.0,14.0,8.0,,,,,
2023-04-17,Mainz,,,,,,,220552.0,100835.0,0.0,14.0,6.3,,,,,
2023-04-17,Trier,,,,,,,112195.0,44465.0,0.0,25.0,22.3,,,,,
2023-04-18,Kaiserslautern, ja,103.0,73.0,133.0,293.0,62890.0,108216.0,59111.0,9.0,49.0,45.3,,,,,
2023-04-18,Koblenz,,,,,,,115268.0,51449.0,0.0,1.0,0.9,,,,,
2023-04-18,Ludwigshafen,,,,,,,174265.0,68854.0,3.0,15.0,8.6,,,,,
2023-04-18,Mainz, nein,171.0,145.0,197.0,157.0,,220552.0,100845.0,10.0,24.0,10.9,,,,,
2023-04-18,Trier, nein,237.0,181.0,293.0,215.0,33383.0,112195.0,44468.0,3.0,28.0,25.0,,,,,
2023-04-19,Kaiserslautern,,,,,,,108216.0,59114.0,3.0,32.0,29.6,2289.0,17.0,11.0,1.0,0.7426823940585409
2023-04-19,Koblenz,,,,,,,115268.0,51450.0,1.0,2.0,1.7,2352.0,14.0,7.0,1.0,0.5952380952380952
2023-04-19,Ludwigshafen, ja,88.0,39.0,137.0,303.0,258425.0,174265.0,68860.0,6.0,16.0,9.2,2163.0,12.0,4.0,1.0,0.5547850208044383
2023-04-19,Mainz,,,,,,,220552.0,100853.0,8.0,26.0,11.8,2904.0,16.0,4.0,1.0,0.5509641873278237
2023-04-19,Trier,,,,,,,112195.0,44471.0,3.0,23.0,20.5,2274.0,13.0,4.0,1.0,0.5716798592788038
2023-04-20,Kaiserslautern, ja,313.0,214.0,412.0,304.0,55267.0,108216.0,59117.0,3.0,24.0,22.2,,,,,
2023-04-20,Koblenz, ja,396.0,306.0,486.0,168.0,26488.0,115268.0,51453.0,3.0,5.0,4.3,,,,,
2023-04-20,Ludwigshafen,,,,,,,174265.0,68863.0,3.0,15.0,8.6,,,,,
2023-04-20,Mainz, nein,653.0,481.0,825.0,228.0,43661.0,220552.0,100853.0,0.0,24.0,10.9,,,,,
2023-04-20,Trier, nein,515.0,319.0,711.0,175.0,23687.0,112195.0,44472.0,1.0,13.0,11.6,,,,,
2023-04-21,Kaiserslautern,,,,,,,108216.0,59128.0,11.0,29.0,26.8,,,,,
2023-04-21,Koblenz,,,,,,,115268.0,51454.0,1.0,5.0,4.3,,,,,
2023-04-21,Ludwigshafen,,,,,,,174265.0,68864.0,1.0,16.0,9.2,,,,,
2023-04-21,Mainz,,,,,,,220552.0,100857.0,4.0,25.0,11.3,,,,,
2023-04-21,Trier,,,,,,,112195.0,44474.0,2.0,11.0,9.8,,,,,
2023-04-22,Kaiserslautern,,,,,,,108216.0,59133.0,5.0,31.0,28.6,,,,,
2023-04-22,Koblenz,,,,,,,115268.0,51455.0,1.0,6.0,5.2,,,,,
2023-04-22,Ludwigshafen,,,,,,,174265.0,68864.0,0.0,14.0,8.0,,,,,
2023-04-22,Mainz,,,,,,,220552.0,100858.0,1.0,23.0,10.4,,,,,
2023-04-22,Trier,,,,,,,112195.0,44475.0,1.0,10.0,8.9,,,,,
2023-04-23,Kaiserslautern,,,,,,,108216.0,59133.0,0.0,31.0,28.6,2303.0,16.0,9.0,1.0,0.6947459834997829
2023-04-23,Koblenz,,,,,,,115268.0,51455.0,0.0,6.0,5.2,2373.0,11.0,3.0,1.0,0.4635482511588706
2023-04-23,Ludwigshafen,,,,,,,174265.0,68864.0,0.0,13.0,7.5,2176.0,10.0,4.0,1.0,0.4595588235294118
2023-04-23,Mainz,,,,,,,220552.0,100858.0,0.0,23.0,10.4,2921.0,13.0,7.0,1.0,0.4450530640191715
2023-04-23,Trier,,,,,,,112195.0,44475.0,0.0,10.0,8.9,2295.0,12.0,5.0,1.0,0.522875816993464
2023-04-24,Kaiserslautern,,,,,,,108216.0,59133.0,0.0,31.0,28.6,,,,,
2023-04-24,Koblenz,,,,,,,115268.0,51455.0,0.0,6.0,5.2,,,,,
2023-04-24,Ludwigshafen,,,,,,,174265.0,68864.0,0.0,13.0,7.5,,,,,
2023-04-24,Mainz,,,,,,,220552.0,100858.0,0.0,23.0,10.4,,,,,
2023-04-24,Trier,,,,,,,112195.0,44475.0,0.0,10.0,8.9,,,,,
2023-04-25,Kaiserslautern, nein,155.0,84.0,226.0,192.0,,108216.0,59136.0,3.0,25.0,23.1,,,,,
2023-04-25,Koblenz,,,,,,,115268.0,51455.0,0.0,6.0,5.2,,,,,
2023-04-25,Ludwigshafen,,,,,,,174265.0,68864.0,0.0,10.0,5.7,,,,,
2023-04-25,Mainz, nein,335.5,222.0,449.0,297.0,48806.0,220552.0,100862.0,4.0,17.0,7.7,,,,,
2023-04-25,Trier, nein,64.0,10.0,118.0,69.7,40079.0,112195.0,44476.0,1.0,8.0,7.1,,,,,
2023-04-26,Kaiserslautern,,,,,,,108216.0,59141.0,5.0,27.0,25.0,2218.0,17.0,11.0,1.0,0.7664562669071235
2023-04-26,Koblenz, ja,585.5,454.0,717.0,398.0,24080.0,115268.0,51457.0,2.0,7.0,6.1,2287.0,5.0,2.0,1.0,0.21862702229995626
2023-04-26,Ludwigshafen, ja,0.0,0.0,0.0,0.0,262300.0,174265.0,68866.0,2.0,6.0,3.4,2142.0,7.0,3.0,1.0,0.32679738562091504
2023-04-26,Mainz,,,,,,,220552.0,100878.0,16.0,25.0,11.3,2868.0,13.0,6.0,1.0,0.4532775453277545
2023-04-26,Trier,,,,,,,112195.0,44476.0,0.0,5.0,4.5,2263.0,15.0,9.0,1.0,0.6628369421122404
2023-04-27,Kaiserslautern, nein,209.0,115.0,303.0,455.0,,108216.0,59146.0,5.0,29.0,26.8,,,,,
2023-04-27,Koblenz,,,,,,,115268.0,51458.0,1.0,5.0,4.3,,,,,
2023-04-27,Ludwigshafen,,,,,,,174265.0,68869.0,3.0,6.0,3.4,,,,,
2023-04-27,Mainz, nein,665.5,476.0,855.0,497.0,44275.0,220552.0,100881.0,3.0,28.0,12.7,,,,,
2023-04-27,Trier, nein,446.0,334.0,558.0,360.0,24255.0,112195.0,44482.0,6.0,10.0,8.9,,,,,
2023-04-28,Kaiserslautern,,,,,,,108216.0,59148.0,2.0,20.0,18.5,,,,,
2023-04-28,Koblenz,,,,,,,115268.0,51459.0,1.0,5.0,4.3,,,,,
2023-04-28,Ludwigshafen,,,,,,,174265.0,68870.0,1.0,6.0,3.4,,,,,
2023-04-28,Mainz,,,,,,,220552.0,100886.0,5.0,29.0,13.1,,,,,
2023-04-28,Trier,,,,,,,112195.0,44482.0,0.0,8.0,7.1,,,,,
2023-04-29,Kaiserslautern,,,,,,,108216.0,59154.0,6.0,21.0,19.4,,,,,
2023-04-29,Koblenz,,,,,,,115268.0,51459.0,0.0,4.0,3.5,,,,,
2023-04-29,Ludwigshafen,,,,,,,174265.0,68871.0,1.0,7.0,4.0,,,,,
2023-04-29,Mainz,,,,,,,220552.0,100892.0,6.0,34.0,15.4,,,,,
2023-04-29,Trier,,,,,,,112195.0,44485.0,3.0,10.0,8.9,,,,,
2023-04-30,Kaiserslautern,,,,,,,108216.0,59154.0,0.0,21.0,19.4,2081.0,16.0,6.0,1.0,0.7688611244593946
2023-04-30,Koblenz,,,,,,,115268.0,51459.0,0.0,4.0,3.5,2083.0,5.0,3.0,1.0,0.2400384061449832
2023-04-30,Ludwigshafen,,,,,,,174265.0,68871.0,0.0,7.0,4.0,1958.0,5.0,3.0,1.0,0.2553626149131767
2023-04-30,Mainz,,,,,,,220552.0,100892.0,0.0,34.0,15.4,2509.0,10.0,4.0,1.0,0.3985651654045437
2023-04-30,Trier,,,,,,,112195.0,44485.0,0.0,10.0,8.9,1991.0,19.0,12.0,1.0,0.9542943244600702
2023-05-01,Kaiserslautern,,,,,,,108216.0,59154.0,0.0,21.0,19.4,,,,,
2023-05-01,Koblenz, ja,421.5,362.0,481.0,145.0,22552.0,115268.0,51459.0,0.0,4.0,3.5,,,,,
2023-05-01,Ludwigshafen, ja,0.0,0.0,0.0,0.0,252720.0,174265.0,68871.0,0.0,7.0,4.0,,,,,
2023-05-01,Mainz,,,,,,,220552.0,100892.0,0.0,34.0,15.4,,,,,
2023-05-01,Trier,,,,,,,112195.0,44485.0,0.0,10.0,8.9,,,,,
2023-05-02,Kaiserslautern, ja,86.0,50.0,122.0,50.3,58618.0,108216.0,59154.0,0.0,18.0,16.6,,,,,
2023-05-02,Koblenz,,,,,,,115268.0,51459.0,0.0,4.0,3.5,,,,,
2023-05-02,Ludwigshafen,,,,,,,174265.0,68871.0,0.0,7.0,4.0,,,,,
2023-05-02,Mainz, nein,299.0,202.0,396.0,127.0,42701.0,220552.0,100892.0,0.0,30.0,13.6,,,,,
2023-05-02,Trier, nein,183.0,135.0,231.0,60.0,27419.0,112195.0,44485.0,0.0,9.0,8.0,,,,,
2023-05-03,Kaiserslautern,,,,,,,108216.0,59169.0,15.0,28.0,25.9,,,,,
2023-05-03,Koblenz, ja,776.0,838.0,714.0,297.0,24848.0,115268.0,51460.0,1.0,3.0,2.6,,,,,
2023-05-03,Ludwigshafen, ja,133.5,28.0,239.0,746.0,255470.0,174265.0,68873.0,2.0,7.0,4.0,,,,,
2023-05-03,Mainz,,,,,,,220552.0,100902.0,10.0,24.0,10.9,,,,,
2023-05-03,Trier,,,,,,,112195.0,44491.0,6.0,15.0,13.4,,,,,
2023-05-04,Kaiserslautern, ja,436.5,278.0,595.0,331.0,55781.0,108216.0,59169.0,0.0,23.0,21.3,,,,,
2023-05-04,Koblenz,,,,,,,115268.0,51463.0,3.0,5.0,4.3,,,,,
2023-05-04,Ludwigshafen,,,,,,,174265.0,68874.0,1.0,5.0,2.9,,,,,
2023-05-04,Mainz, nein,489.5,414.0,565.0,180.0,44032.0,220552.0,100903.0,1.0,22.0,10.0,,,,,
2023-05-04,Trier, nein,730.0,483.0,977.0,160.0,25323.0,112195.0,44492.0,1.0,10.0,8.9,,,,,
2023-05-05,Kaiserslautern,,,,,,,108216.0,59175.0,6.0,27.0,25.0,,,,,
2023-05-05,Koblenz,,,,,,,115268.0,51464.0,1.0,5.0,4.3,,,,,
2023-05-05,Ludwigshafen,,,,,,,174265.0,68878.0,4.0,8.0,4.6,,,,,
2023-05-05,Mainz,,,,,,,220552.0,100904.0,1.0,18.0,8.2,,,,,
2023-05-05,Trier,,,,,,,112195.0,44492.0,0.0,10.0,8.9,,,,,
2023-05-06,Kaiserslautern,,,,,,,108216.0,59184.0,9.0,30.0,27.7,,,,,
2023-05-06,Koblenz,,,,,,,115268.0,51467.0,3.0,8.0,6.9,,,,,
2023-05-06,Ludwigshafen,,,,,,,174265.0,68878.0,0.0,7.0,4.0,,,,,
2023-05-06,Mainz,,,,,,,220552.0,100908.0,4.0,16.0,7.3,,,,,
2023-05-06,Trier,,,,,,,112195.0,44496.0,4.0,11.0,9.8,,,,,
2023-05-07,Kaiserslautern,,,,,,,108216.0,59184.0,0.0,30.0,27.7,,,,,
2023-05-07,Koblenz,,,,,,,115268.0,51467.0,0.0,8.0,6.9,,,,,
2023-05-07,Ludwigshafen,,,,,,,174265.0,68878.0,0.0,7.0,4.0,,,,,
2023-05-07,Mainz,,,,,,,220552.0,100908.0,0.0,16.0,7.3,,,,,
2023-05-07,Trier,,,,,,,112195.0,44496.0,0.0,11.0,9.8,,,,,
2023-05-08,Kaiserslautern,,,,,,,108216.0,59184.0,0.0,30.0,27.7,,,,,
2023-05-08,Koblenz, ja,96.5,62.0,131.0,96.8,81112.0,115268.0,51467.0,0.0,8.0,6.9,,,,,
2023-05-08,Ludwigshafen, ja,11.5,10.0,13.0,43.2,330085.0,174265.0,68879.0,1.0,8.0,4.6,,,,,
2023-05-08,Mainz,,,,,,,220552.0,100908.0,0.0,16.0,7.3,,,,,
2023-05-08,Trier,,,,,,,112195.0,44496.0,0.0,11.0,9.8,,,,,
2023-05-09,Kaiserslautern, ja,141.5,63.0,220.0,222.0,66534.0,108216.0,59188.0,4.0,34.0,31.4,,,,,
2023-05-09,Koblenz,,,,,,,115268.0,51476.0,9.0,17.0,14.7,,,,,
2023-05-09,Ludwigshafen,,,,,,,174265.0,68879.0,0.0,8.0,4.6,,,,,
2023-05-09,Mainz, nein,161.0,100.0,222.0,81.7,74752.0,220552.0,100913.0,5.0,21.0,9.5,,,,,
2023-05-09,Trier, nein,101.5,79.0,124.0,158.0,31427.0,112195.0,44499.0,3.0,14.0,12.5,,,,,
2023-05-10,Kaiserslautern,,,,,,,108216.0,59191.0,3.0,22.0,20.3,,,,,
2023-05-10,Koblenz, ja,116.0,72.0,160.0,185.0,77576.0,115268.0,51476.0,0.0,16.0,13.9,,,,,
2023-05-10,Ludwigshafen, ja,18.5,17.0,20.0,102.0,253000.0,174265.0,68880.0,1.0,7.0,4.0,,,,,
2023-05-10,Mainz,,,,,,,220552.0,100915.0,2.0,13.0,5.9,,,,,
2023-05-10,Trier,,,,,,,112195.0,44500.0,1.0,9.0,8.0,,,,,
2023-05-11,Kaiserslautern, ja,120.0,61.0,179.0,181.0,104333.0,108216.0,59194.0,3.0,25.0,23.1,,,,,
2023-05-11,Koblenz,,,,,,,115268.0,51477.0,1.0,14.0,12.1,,,,,
2023-05-11,Ludwigshafen,,,,,,,174265.0,68880.0,0.0,6.0,3.4,,,,,
2023-05-11,Mainz, nein,149.0,111.0,187.0,172.0,66611.0,220552.0,100918.0,3.0,15.0,6.8,,,,,
2023-05-11,Trier, nein,113.0,64.0,162.0,153.0,47691.0,112195.0,44501.0,1.0,9.0,8.0,,,,,
2023-05-12,Kaiserslautern,,,,,,,108216.0,59195.0,1.0,20.0,18.5,,,,,
2023-05-12,Koblenz,,,,,,,115268.0,51479.0,2.0,15.0,13.0,,,,,
2023-05-12,Ludwigshafen,,,,,,,174265.0,68883.0,3.0,5.0,2.9,,,,,
2023-05-12,Mainz,,,,,,,220552.0,100921.0,3.0,17.0,7.7,,,,,
2023-05-12,Trier,,,,,,,112195.0,44505.0,4.0,13.0,11.6,,,,,
2023-05-13,Kaiserslautern,,,,,,,108216.0,59195.0,0.0,11.0,10.2,,,,,
2023-05-13,Koblenz,,,,,,,115268.0,51479.0,0.0,12.0,10.4,,,,,
2023-05-13,Ludwigshafen,,,,,,,174265.0,68883.0,0.0,5.0,2.9,,,,,
2023-05-13,Mainz,,,,,,,220552.0,100921.0,0.0,13.0,5.9,,,,,
2023-05-13,Trier,,,,,,,112195.0,44506.0,1.0,10.0,8.9,,,,,
2023-05-14,Kaiserslautern,,,,,,,108216.0,59195.0,0.0,11.0,10.2,,,,,
2023-05-14,Koblenz,,,,,,,115268.0,51479.0,0.0,12.0,10.4,,,,,
2023-05-14,Ludwigshafen, nein,4.0,7.0,1.0,15.8,248949.0,174265.0,68883.0,0.0,5.0,2.9,,,,,
2023-05-14,Mainz,,,,,,,220552.0,100921.0,0.0,13.0,5.9,,,,,
2023-05-14,Trier,,,,,,,112195.0,44506.0,0.0,10.0,8.9,,,,,
2023-05-15,Kaiserslautern,,,,,,,108216.0,59195.0,0.0,11.0,10.2,,,,,
2023-05-15,Koblenz, ja,124.5,96.0,153.0,251.0,30580.0,115268.0,51479.0,0.0,12.0,10.4,,,,,
2023-05-15,Ludwigshafen,,,,,,,174265.0,68883.0,0.0,4.0,2.3,,,,,
2023-05-15,Mainz,,,,,,,220552.0,100921.0,0.0,13.0,5.9,,,,,
2023-05-15,Trier,,,,,,,112195.0,44506.0,0.0,10.0,8.9,,,,,
2023-05-16,Kaiserslautern, ja,172.5,91.0,254.0,369.0,61486.0,108216.0,59196.0,1.0,8.0,7.4,,,,,
2023-05-16,Koblenz,,,,,,,115268.0,51481.0,2.0,5.0,4.3,,,,,
2023-05-16,Ludwigshafen,,,,,,,174265.0,68883.0,0.0,4.0,2.3,,,,,
2023-05-16,Mainz, nein,340.0,204.0,476.0,293.0,44672.0,220552.0,100924.0,3.0,11.0,5.0,,,,,
2023-05-16,Trier,,,,,,,112195.0,44517.0,11.0,18.0,16.0,,,,,
2023-05-17,Kaiserslautern,,,,,,,108216.0,59196.0,0.0,5.0,4.6,,,,,
2023-05-17,Koblenz,,,,,,,115268.0,51482.0,1.0,6.0,5.2,,,,,
2023-05-17,Ludwigshafen,,,,,,,174265.0,68885.0,2.0,5.0,2.9,,,,,
2023-05-17,Mainz,,,,,,,220552.0,100925.0,1.0,10.0,4.5,,,,,
2023-05-17,Trier,,,,,,,112195.0,44521.0,4.0,21.0,18.7,,,,,
2023-05-18,Kaiserslautern,,,,,,,108216.0,59198.0,2.0,4.0,3.7,,,,,
2023-05-18,Koblenz, ja,180.5,153.0,208.0,150.0,25000.0,115268.0,51482.0,0.0,5.0,4.3,,,,,
2023-05-18,Ludwigshafen,,,,,,,174265.0,68885.0,0.0,5.0,2.9,,,,,
2023-05-18,Mainz, nein,464.0,360.0,568.0,979.0,41536.0,220552.0,100927.0,2.0,9.0,4.1,,,,,
2023-05-18,Trier,,,,,,,112195.0,44521.0,0.0,20.0,17.8,,,,,
2023-05-19,Kaiserslautern, ja,190.5,106.0,275.0,719.0,53797.0,108216.0,59198.0,0.0,3.0,2.8,,,,,
2023-05-19,Koblenz,,,,,,,115268.0,51482.0,0.0,3.0,2.6,,,,,
2023-05-19,Ludwigshafen,,,,,,,174265.0,68885.0,0.0,2.0,1.1,,,,,
2023-05-19,Mainz,,,,,,,220552.0,100927.0,0.0,6.0,2.7,,,,,
2023-05-19,Trier, nein,179.0,123.0,235.0,175.0,21019.0,112195.0,44521.0,0.0,16.0,14.3,,,,,
2023-05-20,Kaiserslautern,,,,,,,108216.0,59203.0,5.0,8.0,7.4,,,,,
2023-05-20,Koblenz,,,,,,,115268.0,51482.0,0.0,3.0,2.6,,,,,
2023-05-20,Ludwigshafen,,,,,,,174265.0,68885.0,0.0,2.0,1.1,,,,,
2023-05-20,Mainz,,,,,,,220552.0,100927.0,0.0,6.0,2.7,,,,,
2023-05-20,Trier,,,,,,,112195.0,44524.0,3.0,18.0,16.0,,,,,
2023-05-21,Kaiserslautern,,,,,,,108216.0,59203.0,0.0,8.0,7.4,,,,,
2023-05-21,Koblenz,,,,,,,115268.0,51482.0,0.0,3.0,2.6,,,,,
2023-05-21,Ludwigshafen,,,,,,,174265.0,68885.0,0.0,2.0,1.1,,,,,
2023-05-21,Mainz,,,,,,,220552.0,100927.0,0.0,6.0,2.7,,,,,
2023-05-21,Trier,,,,,,,112195.0,44524.0,0.0,18.0,16.0,,,,,
2023-05-22,Kaiserslautern,,,,,,,108216.0,59203.0,0.0,8.0,7.4,,,,,
2023-05-22,Koblenz, ja,134.5,85.0,184.0,108.0,26980.0,115268.0,51482.0,0.0,3.0,2.6,,,,,
2023-05-22,Ludwigshafen, nein,62.5,14.0,111.0,370.0,247292.0,174265.0,68885.0,0.0,2.0,1.1,,,,,
2023-05-22,Mainz, nein,223.5,166.0,281.0,112.0,61094.0,220552.0,100927.0,0.0,6.0,2.7,,,,,
2023-05-22,Trier,,,,,,,112195.0,44524.0,0.0,18.0,16.0,,,,,
2023-05-23,Kaiserslautern, ja,203.5,126.0,281.0,274.0,54696.0,108216.0,59207.0,4.0,11.0,10.2,,,,,
2023-05-23,Koblenz,,,,,,,115268.0,51483.0,1.0,2.0,1.7,,,,,
2023-05-23,Ludwigshafen, nein,6.5,7.0,6.0,21.9,262583.0,174265.0,68885.0,0.0,2.0,1.1,,,,,
2023-05-23,Mainz,,,,,,,220552.0,100927.0,0.0,3.0,1.4,,,,,
2023-05-23,Trier, nein,201.0,123.0,279.0,102.0,22775.0,112195.0,44528.0,4.0,11.0,9.8,,,,,
2023-05-24,Kaiserslautern,,,,,,,108216.0,59209.0,2.0,13.0,12.0,,,,,
2023-05-24,Koblenz, ja,55.5,43.0,68.0,16.5,23956.0,115268.0,51484.0,1.0,2.0,1.7,,,,,
2023-05-24,Ludwigshafen,,,,,,,174265.0,68885.0,0.0,0.0,0.0,,,,,
2023-05-24,Mainz,,,,,,,220552.0,100939.0,12.0,14.0,6.3,,,,,
2023-05-24,Trier,,,,,,,112195.0,44528.0,0.0,7.0,6.2,,,,,
2023-05-25,Kaiserslautern, ja,106.5,55.0,158.0,124.0,53941.0,108216.0,59210.0,1.0,12.0,11.1,,,,,
2023-05-25,Koblenz,,,,,,,115268.0,51485.0,1.0,3.0,2.6,,,,,
2023-05-25,Ludwigshafen,,,,,,,174265.0,68887.0,2.0,2.0,1.1,,,,,
2023-05-25,Mainz, nein,115.0,89.0,141.0,159.0,44288.0,220552.0,100942.0,3.0,15.0,6.8,,,,,
2023-05-25,Trier, nein,137.5,106.0,169.0,38.5,21670.0,112195.0,44528.0,0.0,7.0,6.2,,,,,
2023-05-26,Kaiserslautern,,,,,,,108216.0,59210.0,0.0,12.0,11.1,,,,,
2023-05-26,Koblenz,,,,,,,115268.0,51486.0,1.0,4.0,3.5,,,,,
2023-05-26,Ludwigshafen,,,,,,,174265.0,68889.0,2.0,4.0,2.3,,,,,
2023-05-26,Mainz,,,,,,,220552.0,100942.0,0.0,15.0,6.8,,,,,
2023-05-26,Trier,,,,,,,112195.0,44530.0,2.0,9.0,8.0,,,,,
2023-05-27,Kaiserslautern,,,,,,,108216.0,59210.0,0.0,7.0,6.5,,,,,
2023-05-27,Koblenz,,,,,,,115268.0,51487.0,1.0,5.0,4.3,,,,,
2023-05-27,Ludwigshafen,,,,,,,174265.0,68889.0,0.0,4.0,2.3,,,,,
2023-05-27,Mainz,,,,,,,220552.0,100943.0,1.0,16.0,7.3,,,,,
2023-05-27,Trier,,,,,,,112195.0,44530.0,0.0,6.0,5.3,,,,,
2023-05-28,Kaiserslautern,,,,,,,108216.0,59210.0,0.0,7.0,6.5,,,,,
2023-05-28,Koblenz,,,,,,,115268.0,51487.0,0.0,5.0,4.3,,,,,
2023-05-28,Ludwigshafen,,,,,,,174265.0,68889.0,0.0,4.0,2.3,,,,,
2023-05-28,Mainz,,,,,,,220552.0,100943.0,0.0,16.0,7.3,,,,,
2023-05-28,Trier,,,,,,,112195.0,44530.0,0.0,6.0,5.3,,,,,
2023-05-29,Kaiserslautern,,,,,,,108216.0,59210.0,0.0,7.0,6.5,,,,,
2023-05-29,Koblenz, ja,98.5,61.0,136.0,76.4,22176.0,115268.0,51487.0,0.0,5.0,4.3,,,,,
2023-05-29,Ludwigshafen, ja,24.5,17.0,32.0,33.9,251320.0,174265.0,68889.0,0.0,4.0,2.3,,,,,
2023-05-29,Mainz,,,,,,,220552.0,100943.0,0.0,16.0,7.3,,,,,
2023-05-29,Trier,,,,,,,112195.0,44530.0,0.0,6.0,5.3,,,,,
2023-05-30,Kaiserslautern, ja,156.0,73.0,239.0,147.0,50446.0,108216.0,59210.0,0.0,3.0,2.8,,,,,
2023-05-30,Koblenz,,,,,,,115268.0,51487.0,0.0,4.0,3.5,,,,,
2023-05-30,Ludwigshafen, ja,40.0,27.0,53.0,532.0,241335.0,174265.0,68889.0,0.0,4.0,2.3,,,,,
2023-05-30,Mainz, nein,117.0,70.0,164.0,53.4,27379.0,220552.0,100943.0,0.0,16.0,7.3,,,,,
2023-05-30,Trier, nein,147.5,82.0,213.0,73.4,18600.0,112195.0,44530.0,0.0,2.0,1.8,,,,,
2023-05-31,Kaiserslautern,,,,,,,108216.0,59210.0,0.0,1.0,0.9,,,,,
2023-05-31,Koblenz, ja,146.5,95.0,198.0,149.0,23516.0,115268.0,51488.0,1.0,4.0,3.5,,,,,
2023-05-31,Ludwigshafen,,,,,,,174265.0,68891.0,2.0,6.0,3.4,,,,,
2023-05-31,Mainz,,,,,,,220552.0,100947.0,4.0,8.0,3.6,,,,,
2023-05-31,Trier,,,,,,,112195.0,44532.0,2.0,4.0,3.6,,,,,
2023-06-01,Kaiserslautern, ja,116.0,90.0,142.0,220.0,52101.0,108216.0,59212.0,2.0,2.0,1.8,,,,,
2023-06-01,Koblenz,,,,,,,115268.0,51488.0,0.0,3.0,2.6,,,,,
2023-06-01,Ludwigshafen,,,,,,,174265.0,68891.0,0.0,4.0,2.3,,,,,
2023-06-01,Mainz, nein,97.5,74.0,121.0,33.6,42150.0,220552.0,100947.0,0.0,5.0,2.3,,,,,
2023-06-01,Trier, nein,119.0,96.0,142.0,134.0,20423.0,112195.0,44532.0,0.0,4.0,3.6,,,,,
2023-06-02,Kaiserslautern,,,,,,,108216.0,59213.0,1.0,3.0,2.8,,,,,
2023-06-02,Koblenz,,,,,,,115268.0,51490.0,2.0,4.0,3.5,,,,,
2023-06-02,Ludwigshafen,,,,,,,174265.0,68891.0,0.0,2.0,1.1,,,,,
2023-06-02,Mainz,,,,,,,220552.0,100947.0,0.0,5.0,2.3,,,,,
2023-06-02,Trier,,,,,,,112195.0,44532.0,0.0,2.0,1.8,,,,,
2023-06-03,Kaiserslautern,,,,,,,108216.0,59214.0,1.0,4.0,3.7,,,,,
2023-06-03,Koblenz,,,,,,,115268.0,51490.0,0.0,3.0,2.6,,,,,
2023-06-03,Ludwigshafen,,,,,,,174265.0,68891.0,0.0,2.0,1.1,,,,,
2023-06-03,Mainz,,,,,,,220552.0,100949.0,2.0,6.0,2.7,,,,,
2023-06-03,Trier,,,,,,,112195.0,44534.0,2.0,4.0,3.6,,,,,
2023-06-04,Kaiserslautern,,,,,,,108216.0,59214.0,0.0,4.0,3.7,,,,,
2023-06-04,Koblenz,,,,,,,115268.0,51490.0,0.0,3.0,2.6,,,,,
2023-06-04,Ludwigshafen,,,,,,,174265.0,68891.0,0.0,2.0,1.1,,,,,
2023-06-04,Mainz,,,,,,,220552.0,100949.0,0.0,6.0,2.7,,,,,
2023-06-04,Trier,,,,,,,112195.0,44534.0,0.0,4.0,3.6,,,,,
2023-06-05,Kaiserslautern,,,,,,,108216.0,59214.0,0.0,4.0,3.7,,,,,
2023-06-05,Koblenz, ja,74.5,46.0,103.0,29.0,25040.0,115268.0,51490.0,0.0,3.0,2.6,,,,,
2023-06-05,Ludwigshafen, ja,10.5,9.0,12.0,40.7,242750.0,174265.0,68891.0,0.0,2.0,1.1,,,,,
2023-06-05,Mainz,,,,,,,220552.0,100949.0,0.0,6.0,2.7,,,,,
2023-06-05,Trier,,,,,,,112195.0,44534.0,0.0,4.0,3.6,,,,,
2023-06-06,Kaiserslautern, ja,50.0,31.0,69.0,24.2,50390.0,108216.0,59216.0,2.0,6.0,5.5,,,,,
2023-06-06,Koblenz,,,,,,,115268.0,51490.0,0.0,3.0,2.6,,,,,
2023-06-06,Ludwigshafen,,,,,,,174265.0,68893.0,2.0,4.0,2.3,,,,,
2023-06-06,Mainz, nein,45.5,23.0,68.0,66.5,41498.0,220552.0,100950.0,1.0,7.0,3.2,,,,,
2023-06-06,Trier, nein,61.5,34.0,89.0,69.1,19064.0,112195.0,44536.0,2.0,6.0,5.3,,,,,
2023-06-07,Kaiserslautern,,,,,,,108216.0,59218.0,2.0,8.0,7.4,,,,,
2023-06-07,Koblenz,,,,,,,115268.0,51490.0,0.0,2.0,1.7,,,,,
2023-06-07,Ludwigshafen,,,,,,,174265.0,68893.0,0.0,2.0,1.1,,,,,
2023-06-07,Mainz,,,,,,,220552.0,100951.0,1.0,4.0,1.8,,,,,
2023-06-07,Trier,,,,,,,112195.0,44538.0,2.0,6.0,5.3,,,,,
2023-06-08,Kaiserslautern,,,,,,,108216.0,59218.0,0.0,6.0,5.5,,,,,
2023-06-08,Koblenz, ja,31.0,14.0,48.0,54.4,33172.0,115268.0,51490.0,0.0,2.0,1.7,,,,,
2023-06-08,Ludwigshafen,,,,,,,174265.0,68893.0,0.0,2.0,1.1,,,,,
2023-06-08,Mainz,,,,,,,220552.0,100951.0,0.0,4.0,1.8,,,,,
2023-06-08,Trier,,,,,,,112195.0,44538.0,0.0,6.0,5.3,,,,,
2023-06-09,Kaiserslautern, ja,42.0,24.0,60.0,136.0,49648.0,108216.0,59218.0,0.0,5.0,4.6,,,,,
2023-06-09,Koblenz,,,,,,,115268.0,51490.0,0.0,0.0,0.0,,,,,
2023-06-09,Ludwigshafen,,,,,,,174265.0,68893.0,0.0,2.0,1.1,,,,,
2023-06-09,Mainz, nein,54.0,26.0,82.0,60.4,43328.0,220552.0,100951.0,0.0,4.0,1.8,,,,,
2023-06-09,Trier, nein,39.5,24.0,55.0,149.0,20044.0,112195.0,44538.0,0.0,6.0,5.3,,,,,
2023-06-10,Kaiserslautern,,,,,,,108216.0,59218.0,0.0,4.0,3.7,,,,,
2023-06-10,Koblenz,,,,,,,115268.0,51491.0,1.0,1.0,0.9,,,,,
2023-06-10,Ludwigshafen,,,,,,,174265.0,68893.0,0.0,2.0,1.1,,,,,
2023-06-10,Mainz,,,,,,,220552.0,100952.0,1.0,3.0,1.4,,,,,
2023-06-10,Trier,,,,,,,112195.0,44539.0,1.0,5.0,4.5,,,,,
2023-06-11,Kaiserslautern,,,,,,,108216.0,59218.0,0.0,4.0,3.7,,,,,
2023-06-11,Koblenz,,,,,,,115268.0,51491.0,0.0,1.0,0.9,,,,,
2023-06-11,Ludwigshafen,,,,,,,174265.0,68893.0,0.0,2.0,1.1,,,,,
2023-06-11,Mainz,,,,,,,220552.0,100952.0,0.0,3.0,1.4,,,,,
2023-06-11,Trier,,,,,,,112195.0,44539.0,0.0,5.0,4.5,,,,,
2023-06-12,Kaiserslautern,,,,,,,108216.0,59218.0,0.0,4.0,3.7,,,,,
2023-06-12,Koblenz, ja,76.0,51.0,101.0,47.5,25824.0,115268.0,51491.0,0.0,1.0,0.9,,,,,
2023-06-12,Ludwigshafen, ja,0.0,0.0,0.0,0.0,242786.0,174265.0,68893.0,0.0,2.0,1.1,,,,,
2023-06-12,Mainz,,,,,,,220552.0,100952.0,0.0,3.0,1.4,,,,,
2023-06-12,Trier,,,,,,,112195.0,44539.0,0.0,5.0,4.5,,,,,
2023-06-13,Kaiserslautern, ja,78.5,36.0,121.0,41.8,50488.0,108216.0,59218.0,0.0,2.0,1.8,,,,,
2023-06-13,Koblenz,,,,,,,115268.0,51494.0,3.0,4.0,3.5,,,,,
2023-06-13,Ludwigshafen,,,,,,,174265.0,68894.0,1.0,1.0,0.6,,,,,
2023-06-13,Mainz, nein,134.0,69.0,199.0,55.4,43443.0,220552.0,100953.0,1.0,3.0,1.4,,,,,
2023-06-13,Trier, nein,77.5,19.0,136.0,55.4,19490.0,112195.0,44539.0,0.0,3.0,2.7,,,,,
2023-06-14,Kaiserslautern,,,,,,,108216.0,59218.0,0.0,0.0,0.0,,,,,
2023-06-14,Koblenz, ja,142.5,89.0,196.0,44.4,26748.0,115268.0,51495.0,1.0,5.0,4.3,,,,,
2023-06-14,Ludwigshafen, ja,13.0,8.0,18.0,8.33,239700.0,174265.0,68895.0,1.0,2.0,1.1,,,,,
2023-06-14,Mainz,,,,,,,220552.0,100953.0,0.0,2.0,0.9,,,,,
2023-06-14,Trier,,,,,,,112195.0,44540.0,1.0,2.0,1.8,,,,,
2023-06-15,Kaiserslautern, ja,208.0,100.0,316.0,97.7,49842.0,108216.0,59218.0,0.0,0.0,0.0,,,,,
2023-06-15,Koblenz,,,,,,,115268.0,51496.0,1.0,6.0,5.2,,,,,
2023-06-15,Ludwigshafen,,,,,,,174265.0,68895.0,0.0,2.0,1.1,,,,,
2023-06-15,Mainz, nein,134.5,75.0,194.0,23.0,43866.0,220552.0,100956.0,3.0,5.0,2.3,,,,,
2023-06-15,Trier, nein,168.0,84.0,252.0,66.9,19614.0,112195.0,44540.0,0.0,2.0,1.8,,,,,
2023-06-16,Kaiserslautern,,,,,,,108216.0,59219.0,1.0,1.0,0.9,,,,,
2023-06-16,Koblenz,,,,,,,115268.0,51496.0,0.0,6.0,5.2,,,,,
2023-06-16,Ludwigshafen,,,,,,,174265.0,68895.0,0.0,2.0,1.1,,,,,
2023-06-16,Mainz,,,,,,,220552.0,100958.0,2.0,7.0,3.2,,,,,
2023-06-16,Trier,,,,,,,112195.0,44540.0,0.0,2.0,1.8,,,,,
2023-06-17,Kaiserslautern,,,,,,,108216.0,59220.0,1.0,2.0,1.8,,,,,
2023-06-17,Koblenz,,,,,,,115268.0,51496.0,0.0,5.0,4.3,,,,,
2023-06-17,Ludwigshafen,,,,,,,174265.0,68895.0,0.0,2.0,1.1,,,,,
2023-06-17,Mainz,,,,,,,220552.0,100958.0,0.0,6.0,2.7,,,,,
2023-06-17,Trier,,,,,,,112195.0,44540.0,0.0,1.0,0.9,,,,,
2023-06-18,Kaiserslautern,,,,,,,108216.0,59220.0,0.0,2.0,1.8,,,,,
2023-06-18,Koblenz,,,,,,,115268.0,51496.0,0.0,5.0,4.3,,,,,
2023-06-18,Ludwigshafen, nein,0.0,0.0,0.0,0.0,255483.0,174265.0,68895.0,0.0,2.0,1.1,,,,,
2023-06-18,Mainz,,,,,,,220552.0,100958.0,0.0,6.0,2.7,,,,,
2023-06-18,Trier,,,,,,,112195.0,44540.0,0.0,1.0,0.9,,,,,
2023-06-19,Kaiserslautern,,,,,,,108216.0,59220.0,0.0,2.0,1.8,,,,,
2023-06-19,Koblenz, ja,101.5,93.0,110.0,25.2,25288.0,115268.0,51496.0,0.0,5.0,4.3,,,,,
2023-06-19,Ludwigshafen,,,,,,,174265.0,68895.0,0.0,2.0,1.1,,,,,
2023-06-19,Mainz,,,,,,,220552.0,100958.0,0.0,6.0,2.7,,,,,
2023-06-19,Trier,,,,,,,112195.0,44540.0,0.0,1.0,0.9,,,,,
2023-06-20,Kaiserslautern, ja,88.0,65.0,111.0,75.9,49413.0,108216.0,59222.0,2.0,4.0,3.7,,,,,
2023-06-20,Koblenz,,,,,,,115268.0,51496.0,0.0,2.0,1.7,,,,,
2023-06-20,Ludwigshafen,,,,,,,174265.0,68895.0,0.0,1.0,0.6,,,,,
2023-06-20,Mainz, nein,187.0,107.0,267.0,34.8,44134.0,220552.0,100959.0,1.0,6.0,2.7,,,,,
2023-06-20,Trier, nein,99.0,71.0,127.0,29.5,18601.0,112195.0,44541.0,1.0,2.0,1.8,,,,,
2023-06-21,Kaiserslautern,,,,,,,108216.0,59223.0,1.0,5.0,4.6,,,,,
2023-06-21,Koblenz, ja,24.0,24.0,24.0,14.0,26380.0,115268.0,51497.0,1.0,2.0,1.7,,,,,
2023-06-21,Ludwigshafen, ja,5.5,0.0,11.0,14.3,265870.0,174265.0,68895.0,0.0,0.0,0.0,,,,,
2023-06-21,Mainz,,,,,,,220552.0,100959.0,0.0,6.0,2.7,,,,,
2023-06-21,Trier,,,,,,,112195.0,44541.0,0.0,1.0,0.9,,,,,
2023-06-22,Kaiserslautern, ja,19.5,9.0,30.0,92.0,50632.0,108216.0,59224.0,1.0,6.0,5.5,,,,,
2023-06-22,Koblenz,,,,,,,115268.0,51497.0,0.0,1.0,0.9,,,,,
2023-06-22,Ludwigshafen,,,,,,,174265.0,68895.0,0.0,0.0,0.0,,,,,
2023-06-22,Mainz, nein,20.5,15.0,26.0,12.7,49549.0,220552.0,100959.0,0.0,3.0,1.4,,,,,
2023-06-22,Trier,,,,,,,112195.0,44541.0,0.0,1.0,0.9,,,,,
2023-06-23,Kaiserslautern,,,,,,,108216.0,59224.0,0.0,5.0,4.6,,,,,
2023-06-23,Koblenz,,,,,,,115268.0,51497.0,0.0,1.0,0.9,,,,,
2023-06-23,Ludwigshafen,,,,,,,174265.0,68895.0,0.0,0.0,0.0,,,,,
2023-06-23,Mainz,,,,,,,220552.0,100960.0,1.0,2.0,0.9,,,,,
2023-06-23,Trier, nein,46.0,19.0,73.0,55.9,35145.0,112195.0,44541.0,0.0,1.0,0.9,,,,,
2023-06-24,Kaiserslautern,,,,,,,108216.0,59224.0,0.0,4.0,3.7,,,,,
2023-06-24,Koblenz,,,,,,,115268.0,51498.0,1.0,2.0,1.7,,,,,
2023-06-24,Ludwigshafen,,,,,,,174265.0,68896.0,1.0,1.0,0.6,,,,,
2023-06-24,Mainz,,,,,,,220552.0,100961.0,1.0,3.0,1.4,,,,,
2023-06-24,Trier,,,,,,,112195.0,44541.0,0.0,1.0,0.9,,,,,
2023-06-25,Kaiserslautern,,,,,,,108216.0,59224.0,0.0,4.0,3.7,,,,,
2023-06-25,Koblenz,,,,,,,115268.0,51498.0,0.0,2.0,1.7,,,,,
2023-06-25,Ludwigshafen,,,,,,,174265.0,68896.0,0.0,1.0,0.6,,,,,
2023-06-25,Mainz,,,,,,,220552.0,100961.0,0.0,3.0,1.4,,,,,
2023-06-25,Trier,,,,,,,112195.0,44541.0,0.0,1.0,0.9,,,,,
2023-06-26,Kaiserslautern,,,,,,,108216.0,59224.0,0.0,4.0,3.7,,,,,
2023-06-26,Koblenz, ja,81.5,60.0,103.0,25.4,25772.0,115268.0,51498.0,0.0,2.0,1.7,,,,,
2023-06-26,Ludwigshafen, ja,0.0,0.0,0.0,0.0,258200.0,174265.0,68896.0,0.0,1.0,0.6,,,,,
2023-06-26,Mainz,,,,,,,220552.0,100961.0,0.0,3.0,1.4,,,,,
2023-06-26,Trier,,,,,,,112195.0,44541.0,0.0,1.0,0.9,,,,,
2023-06-27,Kaiserslautern, ja,12.5,1.0,24.0,14.5,47896.0,108216.0,59226.0,2.0,4.0,3.7,,,,,
2023-06-27,Koblenz,,,,,,,115268.0,51499.0,1.0,3.0,2.6,,,,,
2023-06-27,Ludwigshafen,,,,,,,174265.0,68896.0,0.0,1.0,0.6,,,,,
2023-06-27,Mainz, nein,44.5,14.0,75.0,35.9,44425.0,220552.0,100961.0,0.0,2.0,0.9,,,,,
2023-06-27,Trier, nein,81.5,53.0,110.0,35.4,20597.0,112195.0,44541.0,0.0,0.0,0.0,,,,,
2023-06-28,Kaiserslautern,,,,,,,108216.0,59228.0,2.0,5.0,4.6,371.0,2.0,2.0,2.0,0.5390835579514826
2023-06-28,Koblenz, ja,69.5,49.0,90.0,43.2,24864.0,115268.0,51503.0,4.0,6.0,5.2,419.0,1.0,1.0,2.0,0.23866348448687352
2023-06-28,Ludwigshafen, ja,0.5,1.0,0.0,2.49,253250.0,174265.0,68896.0,0.0,1.0,0.6,401.0,1.0,1.0,2.0,0.24937655860349126
2023-06-28,Mainz,,,,,,,220552.0,100961.0,0.0,2.0,0.9,508.0,0.0,0.0,2.0,0.0
2023-06-28,Trier,,,,,,,112195.0,44541.0,0.0,0.0,0.0,375.0,0.0,0.0,2.0,0.0
2023-06-29,Kaiserslautern, nein,31.5,19.0,44.0,15.1,,108216.0,59228.0,0.0,4.0,3.7,,,,,
2023-06-29,Koblenz,,,,,,,115268.0,51503.0,0.0,6.0,5.2,,,,,
2023-06-29,Ludwigshafen,,,,,,,174265.0,68897.0,1.0,2.0,1.1,,,,,
2023-06-29,Mainz, nein,38.0,23.0,53.0,11.9,41984.0,220552.0,100961.0,0.0,2.0,0.9,,,,,
2023-06-29,Trier, nein,51.0,40.0,62.0,17.2,20157.0,112195.0,44541.0,0.0,0.0,0.0,,,,,
2023-06-30,Kaiserslautern,,,,,,,108216.0,59228.0,0.0,4.0,3.7,,,,,
2023-06-30,Koblenz,,,,,,,115268.0,51503.0,0.0,6.0,5.2,,,,,
2023-06-30,Ludwigshafen,,,,,,,174265.0,68897.0,0.0,2.0,1.1,,,,,
2023-06-30,Mainz,,,,,,,220552.0,100961.0,0.0,1.0,0.5,,,,,
2023-06-30,Trier,,,,,,,112195.0,44541.0,0.0,0.0,0.0,,,,,
2023-07-01,Kaiserslautern,,,,,,,108216.0,59230.0,2.0,6.0,5.5,,,,,
2023-07-01,Koblenz,,,,,,,115268.0,51504.0,1.0,6.0,5.2,,,,,
2023-07-01,Ludwigshafen,,,,,,,174265.0,68897.0,0.0,1.0,0.6,,,,,
2023-07-01,Mainz,,,,,,,220552.0,100962.0,1.0,1.0,0.5,,,,,
2023-07-01,Trier,,,,,,,112195.0,44541.0,0.0,0.0,0.0,,,,,
2023-07-02,Kaiserslautern,,,,,,,108216.0,59230.0,0.0,6.0,5.5,,,,,
2023-07-02,Koblenz,,,,,,,115268.0,51504.0,0.0,6.0,5.2,,,,,
2023-07-02,Ludwigshafen,,,,,,,174265.0,68897.0,0.0,1.0,0.6,,,,,
2023-07-02,Mainz,,,,,,,220552.0,100962.0,0.0,1.0,0.5,,,,,
2023-07-02,Trier,,,,,,,112195.0,44541.0,0.0,0.0,0.0,,,,,
2023-07-03,Kaiserslautern,,,,,,,108216.0,59230.0,0.0,6.0,5.5,,,,,
2023-07-03,Koblenz,,,,,,,115268.0,51504.0,0.0,6.0,5.2,,,,,
2023-07-03,Ludwigshafen, ja,0.0,0.0,0.0,0.0,254320.0,174265.0,68897.0,0.0,1.0,0.6,,,,,
2023-07-03,Mainz,,,,,,,220552.0,100962.0,0.0,1.0,0.5,,,,,
2023-07-03,Trier,,,,,,,112195.0,44541.0,0.0,0.0,0.0,,,,,
2023-07-04,Kaiserslautern, ja,49.0,27.0,71.0,45.8,47318.0,108216.0,59231.0,1.0,5.0,4.6,,,,,
2023-07-04,Koblenz,,,,,,,115268.0,51508.0,4.0,9.0,7.8,,,,,
2023-07-04,Ludwigshafen,,,,,,,174265.0,68897.0,0.0,1.0,0.6,,,,,
2023-07-04,Mainz, nein,94.5,65.0,124.0,16.0,45030.0,220552.0,100964.0,2.0,3.0,1.4,,,,,
2023-07-04,Trier, nein,114.0,77.0,151.0,36.1,19479.0,112195.0,44541.0,0.0,0.0,0.0,,,,,
2023-07-05,Kaiserslautern,,,,,,,108216.0,59231.0,0.0,3.0,2.8,731.0,3.0,3.0,2.0,0.4103967168262654
2023-07-05,Koblenz, ja,39.0,25.0,53.0,20.6,30740.0,115268.0,51508.0,0.0,5.0,4.3,768.0,2.0,2.0,2.0,0.26041666666666663
2023-07-05,Ludwigshafen, nein,0.5,1.0,0.0,1.53,285570.0,174265.0,68897.0,0.0,1.0,0.6,731.0,1.0,1.0,2.0,0.13679890560875513
2023-07-05,Mainz,,,,,,,220552.0,100964.0,0.0,3.0,1.4,954.0,1.0,1.0,2.0,0.10482180293501049
2023-07-05,Trier,,,,,,,112195.0,44541.0,0.0,0.0,0.0,670.0,2.0,2.0,2.0,0.2985074626865672
2023-07-06,Kaiserslautern, ja,16.0,1.0,31.0,158.0,93083.0,108216.0,59231.0,0.0,3.0,2.8,,,,,
2023-07-06,Koblenz,,,,,,,115268.0,51511.0,3.0,8.0,6.9,,,,,
2023-07-06,Ludwigshafen,,,,,,,174265.0,68897.0,0.0,0.0,0.0,,,,,
2023-07-06,Mainz, nein,34.5,19.0,50.0,13.7,64256.0,220552.0,100965.0,1.0,4.0,1.8,,,,,
2023-07-06,Trier, nein,38.5,19.0,58.0,26.4,28066.0,112195.0,44541.0,0.0,0.0,0.0,,,,,
2023-07-07,Kaiserslautern,,,,,,,108216.0,59231.0,0.0,3.0,2.8,,,,,
2023-07-07,Koblenz,,,,,,,115268.0,51512.0,1.0,9.0,7.8,,,,,
2023-07-07,Ludwigshafen,,,,,,,174265.0,68898.0,1.0,1.0,0.6,,,,,
2023-07-07,Mainz,,,,,,,220552.0,100966.0,1.0,5.0,2.3,,,,,
2023-07-07,Trier,,,,,,,112195.0,44541.0,0.0,0.0,0.0,,,,,
2023-07-08,Kaiserslautern,,,,,,,108216.0,59231.0,0.0,1.0,0.9,,,,,
2023-07-08,Koblenz,,,,,,,115268.0,51513.0,1.0,9.0,7.8,,,,,
2023-07-08,Ludwigshafen,,,,,,,174265.0,68898.0,0.0,1.0,0.6,,,,,
2023-07-08,Mainz,,,,,,,220552.0,100966.0,0.0,4.0,1.8,,,,,
2023-07-08,Trier,,,,,,,112195.0,44541.0,0.0,0.0,0.0,,,,,
2023-07-09,Kaiserslautern,,,,,,,108216.0,59231.0,0.0,1.0,0.9,,,,,
2023-07-09,Koblenz,,,,,,,115268.0,51513.0,0.0,9.0,7.8,,,,,
2023-07-09,Ludwigshafen,,,,,,,174265.0,68898.0,0.0,1.0,0.6,,,,,
2023-07-09,Mainz,,,,,,,220552.0,100966.0,0.0,4.0,1.8,,,,,
2023-07-09,Trier,,,,,,,112195.0,44541.0,0.0,0.0,0.0,,,,,
2023-07-10,Kaiserslautern,,,,,,,108216.0,59231.0,0.0,1.0,0.9,,,,,
2023-07-10,Koblenz, ja,141.0,151.0,131.0,72.3,24684.0,115268.0,51513.0,0.0,9.0,7.8,,,,,
2023-07-10,Ludwigshafen, ja,1.0,1.0,1.0,3.79,295200.0,174265.0,68898.0,0.0,1.0,0.6,,,,,
2023-07-10,Mainz,,,,,,,220552.0,100966.0,0.0,4.0,1.8,,,,,
2023-07-10,Trier,,,,,,,112195.0,44541.0,0.0,0.0,0.0,,,,,
2023-07-11,Kaiserslautern, nein,49.5,38.0,61.0,40.6,,108216.0,59233.0,2.0,2.0,1.8,,,,,
2023-07-11,Koblenz,,,,,,,115268.0,51515.0,2.0,7.0,6.1,,,,,
2023-07-11,Ludwigshafen,,,,,,,174265.0,68898.0,0.0,1.0,0.6,,,,,
2023-07-11,Mainz, nein,109.5,65.0,154.0,41.6,42598.0,220552.0,100968.0,2.0,4.0,1.8,,,,,
2023-07-11,Trier, nein,177.0,95.0,259.0,68.3,18932.0,112195.0,44541.0,0.0,0.0,0.0,,,,,
2023-07-12,Kaiserslautern,,,,,,,108216.0,59233.0,0.0,2.0,1.8,924.0,4.0,4.0,2.0,0.4329004329004329
2023-07-12,Koblenz, ja,85.5,51.0,120.0,71.8,38348.0,115268.0,51516.0,1.0,8.0,6.9,987.0,2.0,1.0,2.0,0.2026342451874367
2023-07-12,Ludwigshafen, ja,0.5,1.0,0.0,19.7,274200.0,174265.0,68898.0,0.0,1.0,0.6,903.0,1.0,1.0,2.0,0.11074197120708748
2023-07-12,Mainz,,,,,,,220552.0,100968.0,0.0,4.0,1.8,1284.0,1.0,1.0,2.0,0.0778816199376947
2023-07-12,Trier,,,,,,,112195.0,44541.0,0.0,0.0,0.0,887.0,4.0,2.0,2.0,0.4509582863585118
2023-07-13,Kaiserslautern, ja,1.0,1.0,1.0,2.75,87816.0,108216.0,59236.0,3.0,5.0,4.6,,,,,
2023-07-13,Koblenz,,,,,,,115268.0,51516.0,0.0,5.0,4.3,,,,,
2023-07-13,Ludwigshafen,,,,,,,174265.0,68898.0,0.0,1.0,0.6,,,,,
2023-07-13,Mainz, nein,77.5,69.0,86.0,36.4,73088.0,220552.0,100968.0,0.0,3.0,1.4,,,,,
2023-07-13,Trier, nein,95.0,72.0,118.0,190.0,19217.0,112195.0,44541.0,0.0,0.0,0.0,,,,,
2023-07-14,Kaiserslautern,,,,,,,108216.0,59236.0,0.0,5.0,4.6,,,,,
2023-07-14,Koblenz,,,,,,,115268.0,51517.0,1.0,5.0,4.3,,,,,
2023-07-14,Ludwigshafen,,,,,,,174265.0,68898.0,0.0,0.0,0.0,,,,,
2023-07-14,Mainz,,,,,,,220552.0,100968.0,0.0,2.0,0.9,,,,,
2023-07-14,Trier,,,,,,,112195.0,44541.0,0.0,0.0,0.0,,,,,
2023-07-15,Kaiserslautern,,,,,,,108216.0,59237.0,1.0,6.0,5.5,,,,,
2023-07-15,Koblenz,,,,,,,115268.0,51517.0,0.0,4.0,3.5,,,,,
2023-07-15,Ludwigshafen,,,,,,,174265.0,68898.0,0.0,0.0,0.0,,,,,
2023-07-15,Mainz,,,,,,,220552.0,100969.0,1.0,3.0,1.4,,,,,
2023-07-15,Trier,,,,,,,112195.0,44541.0,0.0,0.0,0.0,,,,,
2023-07-16,Kaiserslautern,,,,,,,108216.0,59237.0,0.0,6.0,5.5,,,,,
2023-07-16,Koblenz,,,,,,,115268.0,51517.0,0.0,4.0,3.5,,,,,
2023-07-16,Ludwigshafen,,,,,,,174265.0,68898.0,0.0,0.0,0.0,,,,,
2023-07-16,Mainz,,,,,,,220552.0,100969.0,0.0,3.0,1.4,,,,,
2023-07-16,Trier,,,,,,,112195.0,44541.0,0.0,0.0,0.0,,,,,
2023-07-17,Kaiserslautern,,,,,,,108216.0,59237.0,0.0,6.0,5.5,,,,,
2023-07-17,Koblenz, ja,68.5,60.0,77.0,67.8,22124.0,115268.0,51517.0,0.0,4.0,3.5,,,,,
2023-07-17,Ludwigshafen, ja,0.0,0.0,0.0,0.0,272050.0,174265.0,68898.0,0.0,0.0,0.0,,,,,
2023-07-17,Mainz,,,,,,,220552.0,100969.0,0.0,3.0,1.4,,,,,
2023-07-17,Trier,,,,,,,112195.0,44541.0,0.0,0.0,0.0,,,,,
2023-07-18,Kaiserslautern, nein,56.5,43.0,70.0,105.0,,108216.0,59237.0,0.0,4.0,3.7,,,,,
2023-07-18,Koblenz,,,,,,,115268.0,51517.0,0.0,2.0,1.7,,,,,
2023-07-18,Ludwigshafen,,,,,,,174265.0,68899.0,1.0,1.0,0.6,,,,,
2023-07-18,Mainz, nein,117.5,72.0,163.0,78.9,,220552.0,100969.0,0.0,1.0,0.5,,,,,
2023-07-18,Trier, nein,158.0,87.0,229.0,146.0,18964.0,112195.0,44541.0,0.0,0.0,0.0,,,,,
2023-07-19,Kaiserslautern,,,,,,,108216.0,59237.0,0.0,4.0,3.7,1092.0,4.0,3.0,2.0,0.3663003663003663
2023-07-19,Koblenz, ja,29.5,36.0,23.0,41.4,27416.0,115268.0,51520.0,3.0,4.0,3.5,1158.0,3.0,3.0,2.0,0.2590673575129534
2023-07-19,Ludwigshafen, ja,6.0,1.0,11.0,21.7,270140.0,174265.0,68899.0,0.0,1.0,0.6,1052.0,4.0,4.0,2.0,0.38022813688212925
2023-07-19,Mainz,,,,,,,220552.0,100971.0,2.0,3.0,1.4,1482.0,8.0,8.0,2.0,0.5398110661268556
2023-07-19,Trier,,,,,,,112195.0,44541.0,0.0,0.0,0.0,1054.0,4.0,4.0,2.0,0.3795066413662239
2023-07-20,Kaiserslautern, ja,39.5,21.0,58.0,110.0,46374.0,108216.0,59237.0,0.0,1.0,0.9,,,,,
2023-07-20,Koblenz,,,,,,,115268.0,51520.0,0.0,4.0,3.5,,,,,
2023-07-20,Ludwigshafen,,,,,,,174265.0,68900.0,1.0,2.0,1.1,,,,,
2023-07-20,Mainz, nein,73.5,44.0,103.0,107.0,45453.0,220552.0,100971.0,0.0,3.0,1.4,,,,,
2023-07-20,Trier, nein,62.0,50.0,74.0,90.1,18921.0,112195.0,44541.0,0.0,0.0,0.0,,,,,
2023-07-21,Kaiserslautern,,,,,,,108216.0,59237.0,0.0,1.0,0.9,,,,,
2023-07-21,Koblenz,,,,,,,115268.0,51520.0,0.0,3.0,2.6,,,,,
2023-07-21,Ludwigshafen,,,,,,,174265.0,68900.0,0.0,2.0,1.1,,,,,
2023-07-21,Mainz,,,,,,,220552.0,100971.0,0.0,3.0,1.4,,,,,
2023-07-21,Trier,,,,,,,112195.0,44541.0,0.0,0.0,0.0,,,,,
2023-07-22,Kaiserslautern,,,,,,,108216.0,59240.0,3.0,3.0,2.8,,,,,
2023-07-22,Koblenz,,,,,,,115268.0,51520.0,0.0,3.0,2.6,,,,,
2023-07-22,Ludwigshafen,,,,,,,174265.0,68900.0,0.0,2.0,1.1,,,,,
2023-07-22,Mainz,,,,,,,220552.0,100971.0,0.0,2.0,0.9,,,,,
2023-07-22,Trier,,,,,,,112195.0,44541.0,0.0,0.0,0.0,,,,,
2023-07-23,Kaiserslautern,,,,,,,108216.0,59240.0,0.0,3.0,2.8,,,,,
2023-07-23,Koblenz,,,,,,,115268.0,51520.0,0.0,3.0,2.6,,,,,
2023-07-23,Ludwigshafen, nein,7.0,0.0,14.0,23.0,262457.0,174265.0,68900.0,0.0,2.0,1.1,,,,,
2023-07-23,Mainz,,,,,,,220552.0,100971.0,0.0,2.0,0.9,,,,,
2023-07-23,Trier,,,,,,,112195.0,44541.0,0.0,0.0,0.0,,,,,
2023-07-24,Kaiserslautern,,,,,,,108216.0,59240.0,0.0,3.0,2.8,,,,,
2023-07-24,Koblenz, ja,51.0,20.0,82.0,54.2,36384.0,115268.0,51520.0,0.0,3.0,2.6,,,,,
2023-07-24,Ludwigshafen,,,,,,,174265.0,68900.0,0.0,2.0,1.1,,,,,
2023-07-24,Mainz,,,,,,,220552.0,100971.0,0.0,2.0,0.9,,,,,
2023-07-24,Trier,,,,,,,112195.0,44541.0,0.0,0.0,0.0,,,,,
2023-07-25,Kaiserslautern, ja,125.5,77.0,174.0,209.0,48347.0,108216.0,59241.0,1.0,4.0,3.7,,,,,
2023-07-25,Koblenz,,,,,,,115268.0,51520.0,0.0,3.0,2.6,,,,,
2023-07-25,Ludwigshafen,,,,,,,174265.0,68900.0,0.0,1.0,0.6,,,,,
2023-07-25,Mainz, nein,160.5,116.0,205.0,56.5,43430.0,220552.0,100971.0,0.0,2.0,0.9,,,,,
2023-07-25,Trier, nein,77.0,44.0,110.0,48.7,27495.0,112195.0,44541.0,0.0,0.0,0.0,,,,,
2023-07-26,Kaiserslautern,,,,,,,108216.0,59241.0,0.0,4.0,3.7,1268.0,5.0,2.0,2.0,0.3943217665615142
2023-07-26,Koblenz, ja,46.0,13.0,79.0,27.9,68072.0,115268.0,51520.0,0.0,0.0,0.0,1408.0,6.0,5.0,2.0,0.4261363636363636
2023-07-26,Ludwigshafen, nein,0.5,1.0,0.0,10.6,323195.0,174265.0,68900.0,0.0,1.0,0.6,1246.0,3.0,0.0,2.0,0.2407704654895666
2023-07-26,Mainz,,,,,,,220552.0,100971.0,0.0,0.0,0.0,1739.0,8.0,3.0,2.0,0.46003450258769407
2023-07-26,Trier,,,,,,,112195.0,44541.0,0.0,0.0,0.0,1277.0,6.0,5.0,2.0,0.4698512137823023
2023-07-27,Kaiserslautern, ja,42.0,26.0,58.0,316.0,65046.0,108216.0,59244.0,3.0,7.0,6.5,,,,,
2023-07-27,Koblenz,,,,,,,115268.0,51520.0,0.0,0.0,0.0,,,,,
2023-07-27,Ludwigshafen,,,,,,,174265.0,68900.0,0.0,0.0,0.0,,,,,
2023-07-27,Mainz, nein,80.0,66.0,94.0,32.7,76954.0,220552.0,100973.0,2.0,2.0,0.9,,,,,
2023-07-27,Trier, nein,122.5,79.0,166.0,82.2,22174.0,112195.0,44541.0,0.0,0.0,0.0,,,,,
2023-07-28,Kaiserslautern,,,,,,,108216.0,59250.0,6.0,13.0,12.0,,,,,
2023-07-28,Koblenz,,,,,,,115268.0,51521.0,1.0,1.0,0.9,,,,,
2023-07-28,Ludwigshafen,,,,,,,174265.0,68900.0,0.0,0.0,0.0,,,,,
2023-07-28,Mainz,,,,,,,220552.0,100973.0,0.0,2.0,0.9,,,,,
2023-07-28,Trier,,,,,,,112195.0,44541.0,0.0,0.0,0.0,,,,,
2023-07-29,Kaiserslautern,,,,,,,108216.0,59250.0,0.0,10.0,9.2,,,,,
2023-07-29,Koblenz,,,,,,,115268.0,51521.0,0.0,1.0,0.9,,,,,
2023-07-29,Ludwigshafen,,,,,,,174265.0,68900.0,0.0,0.0,0.0,,,,,
2023-07-29,Mainz,,,,,,,220552.0,100974.0,1.0,3.0,1.4,,,,,
2023-07-29,Trier,,,,,,,112195.0,44541.0,0.0,0.0,0.0,,,,,
2023-07-30,Kaiserslautern,,,,,,,108216.0,59250.0,0.0,10.0,9.2,,,,,
2023-07-30,Koblenz,,,,,,,115268.0,51521.0,0.0,1.0,0.9,,,,,
2023-07-30,Ludwigshafen,,,,,,,174265.0,68900.0,0.0,0.0,0.0,,,,,
2023-07-30,Mainz,,,,,,,220552.0,100974.0,0.0,3.0,1.4,,,,,
2023-07-30,Trier,,,,,,,112195.0,44541.0,0.0,0.0,0.0,,,,,
2023-07-31,Kaiserslautern,,,,,,,108216.0,59250.0,0.0,10.0,9.2,,,,,
2023-07-31,Koblenz, ja,68.0,60.0,76.0,83.3,27564.0,115268.0,51521.0,0.0,1.0,0.9,,,,,
2023-07-31,Ludwigshafen,,,,,,,174265.0,68900.0,0.0,0.0,0.0,,,,,
2023-07-31,Mainz,,,,,,,220552.0,100974.0,0.0,3.0,1.4,,,,,
2023-07-31,Trier,,,,,,,112195.0,44541.0,0.0,0.0,0.0,,,,,
2023-08-01,Kaiserslautern, ja,88.0,61.0,115.0,348.0,50571.0,108216.0,59253.0,3.0,12.0,11.1,,,,,
2023-08-01,Koblenz,,,,,,,115268.0,51521.0,0.0,1.0,0.9,,,,,
2023-08-01,Ludwigshafen, nein,25.5,0.0,51.0,48.5,341431.0,174265.0,68900.0,0.0,0.0,0.0,,,,,
2023-08-01,Mainz, nein,170.0,148.0,192.0,98.3,42163.0,220552.0,100976.0,2.0,5.0,2.3,,,,,
2023-08-01,Trier, nein,92.5,66.0,119.0,98.5,22438.0,112195.0,44550.0,9.0,9.0,8.0,,,,,
2023-08-02,Kaiserslautern,,,,,,,108216.0,59253.0,0.0,12.0,11.1,1382.0,5.0,3.0,2.0,0.361794500723589
2023-08-02,Koblenz, ja,175.5,204.0,147.0,12.7,45280.0,115268.0,51523.0,2.0,3.0,2.6,1518.0,10.0,7.0,2.0,0.6587615283267457
2023-08-02,Ludwigshafen,,,,,,,174265.0,68900.0,0.0,0.0,0.0,1362.0,8.0,6.0,2.0,0.5873715124816447
2023-08-02,Mainz,,,,,,,220552.0,100980.0,4.0,9.0,4.1,1859.0,15.0,8.0,2.0,0.8068854222700376
2023-08-02,Trier,,,,,,,112195.0,44551.0,1.0,10.0,8.9,1394.0,4.0,3.0,2.0,0.2869440459110474
2023-08-03,Kaiserslautern, ja,122.5,1.0,244.0,27.0,125201.0,108216.0,59253.0,0.0,9.0,8.3,,,,,
2023-08-03,Koblenz,,,,,,,115268.0,51524.0,1.0,4.0,3.5,,,,,
2023-08-03,Ludwigshafen, nein,173.5,1.0,346.0,65.7,,174265.0,68901.0,1.0,1.0,0.6,,,,,
2023-08-03,Mainz, nein,349.5,324.0,375.0,40.1,92314.0,220552.0,100980.0,0.0,7.0,3.2,,,,,
2023-08-03,Trier, nein,242.0,171.0,313.0,46.4,42482.0,112195.0,44552.0,1.0,11.0,9.8,,,,,
2023-08-04,Kaiserslautern,,,,,,,108216.0,59253.0,0.0,3.0,2.8,,,,,
2023-08-04,Koblenz,,,,,,,115268.0,51524.0,0.0,3.0,2.6,,,,,
2023-08-04,Ludwigshafen,,,,,,,174265.0,68901.0,0.0,1.0,0.6,,,,,
2023-08-04,Mainz,,,,,,,220552.0,100980.0,0.0,7.0,3.2,,,,,
2023-08-04,Trier,,,,,,,112195.0,44552.0,0.0,11.0,9.8,,,,,
2023-08-05,Kaiserslautern,,,,,,,108216.0,59253.0,0.0,3.0,2.8,,,,,
2023-08-05,Koblenz,,,,,,,115268.0,51524.0,0.0,3.0,2.6,,,,,
2023-08-05,Ludwigshafen,,,,,,,174265.0,68901.0,0.0,1.0,0.6,,,,,
2023-08-05,Mainz,,,,,,,220552.0,100981.0,1.0,7.0,3.2,,,,,
2023-08-05,Trier,,,,,,,112195.0,44552.0,0.0,11.0,9.8,,,,,
2023-08-06,Kaiserslautern,,,,,,,108216.0,59253.0,0.0,3.0,2.8,,,,,
2023-08-06,Koblenz,,,,,,,115268.0,51524.0,0.0,3.0,2.6,,,,,
2023-08-06,Ludwigshafen,,,,,,,174265.0,68902.0,1.0,2.0,1.1,,,,,
2023-08-06,Mainz,,,,,,,220552.0,100981.0,0.0,7.0,3.2,,,,,
2023-08-06,Trier,,,,,,,112195.0,44552.0,0.0,11.0,9.8,,,,,
2023-08-07,Kaiserslautern,,,,,,,108216.0,59253.0,0.0,3.0,2.8,,,,,
2023-08-07,Koblenz, ja,45.0,35.0,55.0,23.3,49532.0,115268.0,51524.0,0.0,3.0,2.6,,,,,
2023-08-07,Ludwigshafen, ja,15.5,1.0,30.0,15.0,262288.0,174265.0,68902.0,0.0,2.0,1.1,,,,,
2023-08-07,Mainz,,,,,,,220552.0,100981.0,0.0,7.0,3.2,,,,,
2023-08-07,Trier,,,,,,,112195.0,44552.0,0.0,11.0,9.8,,,,,
2023-08-08,Kaiserslautern, ja,48.0,38.0,58.0,49.0,59096.0,108216.0,59254.0,1.0,1.0,0.9,,,,,
2023-08-08,Koblenz,,,,,,,115268.0,51524.0,0.0,3.0,2.6,,,,,
2023-08-08,Ludwigshafen,,,,,,,174265.0,68902.0,0.0,2.0,1.1,,,,,
2023-08-08,Mainz, nein,97.5,84.0,111.0,64.1,42918.0,220552.0,100983.0,2.0,7.0,3.2,,,,,
2023-08-08,Trier, nein,79.5,56.0,103.0,80.0,,112195.0,44553.0,1.0,3.0,2.7,,,,,
2023-08-09,Kaiserslautern,,,,,,,108216.0,59254.0,0.0,1.0,0.9,1443.0,7.0,3.0,2.0,0.4851004851004851
2023-08-09,Koblenz, ja,104.5,65.0,144.0,139.0,85960.0,115268.0,51524.0,0.0,1.0,0.9,1623.0,12.0,8.0,2.0,0.7393715341959335
2023-08-09,Ludwigshafen, ja,49.5,21.0,78.0,136.0,265200.0,174265.0,68903.0,1.0,3.0,1.7,1423.0,9.0,6.0,2.0,0.6324666198172875
2023-08-09,Mainz,,,,,,,220552.0,100984.0,1.0,4.0,1.8,1885.0,14.0,5.0,2.0,0.7427055702917772
2023-08-09,Trier,,,,,,,112195.0,44553.0,0.0,2.0,1.8,1455.0,11.0,10.0,2.0,0.7560137457044673
2023-08-10,Kaiserslautern, nein,216.0,125.0,307.0,1096.0,,108216.0,59256.0,2.0,3.0,2.8,,,,,
2023-08-10,Koblenz,,,,,,,115268.0,51526.0,2.0,2.0,1.7,,,,,
2023-08-10,Ludwigshafen,,,,,,,174265.0,68904.0,1.0,3.0,1.7,,,,,
2023-08-10,Mainz, nein,148.0,91.0,205.0,94.3,86464.0,220552.0,100987.0,3.0,7.0,3.2,,,,,
2023-08-10,Trier, nein,190.5,133.0,248.0,90.7,,112195.0,44553.0,0.0,1.0,0.9,,,,,
2023-08-11,Kaiserslautern,,,,,,,108216.0,59256.0,0.0,3.0,2.8,,,,,
2023-08-11,Koblenz,,,,,,,115268.0,51527.0,1.0,3.0,2.6,,,,,
2023-08-11,Ludwigshafen,,,,,,,174265.0,68904.0,0.0,3.0,1.7,,,,,
2023-08-11,Mainz,,,,,,,220552.0,100988.0,1.0,8.0,3.6,,,,,
2023-08-11,Trier,,,,,,,112195.0,44553.0,0.0,1.0,0.9,,,,,
2023-08-12,Kaiserslautern,,,,,,,108216.0,59257.0,1.0,4.0,3.7,,,,,
2023-08-12,Koblenz,,,,,,,115268.0,51527.0,0.0,3.0,2.6,,,,,
2023-08-12,Ludwigshafen,,,,,,,174265.0,68906.0,2.0,5.0,2.9,,,,,
2023-08-12,Mainz,,,,,,,220552.0,100988.0,0.0,7.0,3.2,,,,,
2023-08-12,Trier,,,,,,,112195.0,44554.0,1.0,2.0,1.8,,,,,
2023-08-13,Kaiserslautern,,,,,,,108216.0,59257.0,0.0,4.0,3.7,,,,,
2023-08-13,Koblenz,,,,,,,115268.0,51527.0,0.0,3.0,2.6,,,,,
2023-08-13,Ludwigshafen,,,,,,,174265.0,68906.0,0.0,4.0,2.3,,,,,
2023-08-13,Mainz,,,,,,,220552.0,100988.0,0.0,7.0,3.2,,,,,
2023-08-13,Trier,,,,,,,112195.0,44554.0,0.0,2.0,1.8,,,,,
2023-08-14,Kaiserslautern,,,,,,,108216.0,59257.0,0.0,4.0,3.7,,,,,
2023-08-14,Koblenz, ja,121.0,76.0,166.0,65.8,25660.0,115268.0,51527.0,0.0,3.0,2.6,,,,,
2023-08-14,Ludwigshafen, ja,24.0,13.0,35.0,48.3,276712.0,174265.0,68906.0,0.0,4.0,2.3,,,,,
2023-08-14,Mainz,,,,,,,220552.0,100988.0,0.0,7.0,3.2,,,,,
2023-08-14,Trier,,,,,,,112195.0,44554.0,0.0,2.0,1.8,,,,,
2023-08-15,Kaiserslautern, ja,150.0,95.0,205.0,187.0,46669.0,108216.0,59258.0,1.0,4.0,3.7,,,,,
2023-08-15,Koblenz,,,,,,,115268.0,51530.0,3.0,6.0,5.2,,,,,
2023-08-15,Ludwigshafen,,,,,,,174265.0,68906.0,0.0,4.0,2.3,,,,,
2023-08-15,Mainz, nein,172.5,117.0,228.0,48.6,42278.0,220552.0,100991.0,3.0,8.0,3.6,,,,,
2023-08-15,Trier, nein,109.5,74.0,145.0,75.5,40800.0,112195.0,44554.0,0.0,1.0,0.9,,,,,
2023-08-16,Kaiserslautern,,,,,,,108216.0,59258.0,0.0,4.0,3.7,1453.0,9.0,7.0,2.0,0.6194081211286993
2023-08-16,Koblenz, ja,56.0,42.0,70.0,89.7,46240.0,115268.0,51530.0,0.0,6.0,5.2,1612.0,11.0,8.0,2.0,0.6823821339950372
2023-08-16,Ludwigshafen, ja,0.0,0.0,0.0,0.0,260500.0,174265.0,68908.0,2.0,5.0,2.9,1441.0,7.0,3.0,2.0,0.4857737682165163
2023-08-16,Mainz,,,,,,,220552.0,100994.0,3.0,10.0,4.5,1905.0,22.0,14.0,2.0,1.1548556430446193
2023-08-16,Trier,,,,,,,112195.0,44554.0,0.0,1.0,0.9,1416.0,7.0,4.0,2.0,0.49435028248587576
2023-08-17,Kaiserslautern, ja,42.5,25.0,60.0,111.0,75456.0,108216.0,59258.0,0.0,2.0,1.8,,,,,
2023-08-17,Koblenz,,,,,,,115268.0,51531.0,1.0,5.0,4.3,,,,,
2023-08-17,Ludwigshafen,,,,,,,174265.0,68908.0,0.0,4.0,2.3,,,,,
2023-08-17,Mainz, nein,83.0,42.0,124.0,66.9,60646.0,220552.0,100996.0,2.0,9.0,4.1,,,,,
2023-08-17,Trier, nein,34.0,19.0,49.0,44.7,30600.0,112195.0,44557.0,3.0,4.0,3.6,,,,,
2023-08-18,Kaiserslautern,,,,,,,108216.0,59258.0,0.0,2.0,1.8,,,,,
2023-08-18,Koblenz,,,,,,,115268.0,51532.0,1.0,5.0,4.3,,,,,
2023-08-18,Ludwigshafen,,,,,,,174265.0,68908.0,0.0,4.0,2.3,,,,,
2023-08-18,Mainz,,,,,,,220552.0,100998.0,2.0,10.0,4.5,,,,,
2023-08-18,Trier,,,,,,,112195.0,44560.0,3.0,7.0,6.2,,,,,
2023-08-19,Kaiserslautern,,,,,,,108216.0,59261.0,3.0,4.0,3.7,,,,,
2023-08-19,Koblenz,,,,,,,115268.0,51533.0,1.0,6.0,5.2,,,,,
2023-08-19,Ludwigshafen,,,,,,,174265.0,68908.0,0.0,2.0,1.1,,,,,
2023-08-19,Mainz,,,,,,,220552.0,100999.0,1.0,11.0,5.0,,,,,
2023-08-19,Trier,,,,,,,112195.0,44561.0,1.0,7.0,6.2,,,,,
2023-08-20,Kaiserslautern,,,,,,,108216.0,59261.0,0.0,4.0,3.7,,,,,
2023-08-20,Koblenz,,,,,,,115268.0,51533.0,0.0,6.0,5.2,,,,,
2023-08-20,Ludwigshafen,,,,,,,174265.0,68908.0,0.0,2.0,1.1,,,,,
2023-08-20,Mainz,,,,,,,220552.0,100999.0,0.0,11.0,5.0,,,,,
2023-08-20,Trier,,,,,,,112195.0,44561.0,0.0,7.0,6.2,,,,,
2023-08-21,Kaiserslautern,,,,,,,108216.0,59261.0,0.0,4.0,3.7,,,,,
2023-08-21,Koblenz, ja,84.0,77.0,91.0,29.7,26676.0,115268.0,51533.0,0.0,6.0,5.2,,,,,
2023-08-21,Ludwigshafen, ja,25.5,36.0,15.0,245.0,254917.0,174265.0,68908.0,0.0,2.0,1.1,,,,,
2023-08-21,Mainz,,,,,,,220552.0,100999.0,0.0,11.0,5.0,,,,,
2023-08-21,Trier,,,,,,,112195.0,44561.0,0.0,7.0,6.2,,,,,
2023-08-22,Kaiserslautern, nein,101.5,83.0,120.0,73.6,47272.0,108216.0,59262.0,1.0,4.0,3.7,,,,,
2023-08-22,Koblenz,,,,,,,115268.0,51536.0,3.0,6.0,5.2,,,,,
2023-08-22,Ludwigshafen,,,,,,,174265.0,68908.0,0.0,2.0,1.1,,,,,
2023-08-22,Mainz, ja,141.0,109.0,173.0,56.9,41587.0,220552.0,101003.0,4.0,12.0,5.4,,,,,
2023-08-22,Trier, nein,102.0,93.0,111.0,45.3,15270.0,112195.0,44565.0,4.0,11.0,9.8,,,,,
2023-08-23,Kaiserslautern,,,,,,,108216.0,59262.0,0.0,4.0,3.7,1562.0,12.0,9.0,2.0,0.7682458386683738
2023-08-23,Koblenz, ja,136.0,109.0,163.0,72.7,24184.0,115268.0,51537.0,1.0,7.0,6.1,1731.0,16.0,12.0,2.0,0.924321201617562
2023-08-23,Ludwigshafen, nein,28.0,18.0,38.0,966.0,264350.0,174265.0,68910.0,2.0,2.0,1.1,1569.0,7.0,4.0,2.0,0.44614404079031234
2023-08-23,Mainz,,,,,,,220552.0,101004.0,1.0,10.0,4.5,1926.0,19.0,15.0,2.0,0.9865005192107996
2023-08-23,Trier,,,,,,,112195.0,44568.0,3.0,14.0,12.5,1522.0,11.0,6.0,2.0,0.7227332457293035
2023-08-24,Kaiserslautern, ja,147.0,134.0,160.0,261.0,46733.0,108216.0,59264.0,2.0,6.0,5.5,,,,,
2023-08-24,Koblenz,,,,,,,115268.0,51538.0,1.0,7.0,6.1,,,,,
2023-08-24,Ludwigshafen,,,,,,,174265.0,68910.0,0.0,2.0,1.1,,,,,
2023-08-24,Mainz, ja,120.0,101.0,139.0,38.1,40781.0,220552.0,101007.0,3.0,11.0,5.0,,,,,
2023-08-24,Trier, nein,136.0,120.0,152.0,63.8,19400.0,112195.0,44575.0,7.0,18.0,16.0,,,,,
2023-08-25,Kaiserslautern,,,,,,,108216.0,59266.0,2.0,8.0,7.4,,,,,
2023-08-25,Koblenz,,,,,,,115268.0,51538.0,0.0,6.0,5.2,,,,,
2023-08-25,Ludwigshafen,,,,,,,174265.0,68911.0,1.0,3.0,1.7,,,,,
2023-08-25,Mainz,,,,,,,220552.0,101014.0,7.0,16.0,7.3,,,,,
2023-08-25,Trier,,,,,,,112195.0,44577.0,2.0,17.0,15.2,,,,,
2023-08-26,Kaiserslautern,,,,,,,108216.0,59266.0,0.0,5.0,4.6,,,,,
2023-08-26,Koblenz,,,,,,,115268.0,51538.0,0.0,5.0,4.3,,,,,
2023-08-26,Ludwigshafen,,,,,,,174265.0,68911.0,0.0,3.0,1.7,,,,,
2023-08-26,Mainz,,,,,,,220552.0,101020.0,6.0,21.0,9.5,,,,,
2023-08-26,Trier,,,,,,,112195.0,44580.0,3.0,19.0,16.9,,,,,
2023-08-27,Kaiserslautern,,,,,,,108216.0,59266.0,0.0,5.0,4.6,,,,,
2023-08-27,Koblenz,,,,,,,115268.0,51538.0,0.0,5.0,4.3,,,,,
2023-08-27,Ludwigshafen,,,,,,,174265.0,68913.0,2.0,5.0,2.9,,,,,
2023-08-27,Mainz,,,,,,,220552.0,101020.0,0.0,21.0,9.5,,,,,
2023-08-27,Trier,,,,,,,112195.0,44580.0,0.0,19.0,16.9,,,,,
2023-08-28,Kaiserslautern,,,,,,,108216.0,59266.0,0.0,5.0,4.6,,,,,
2023-08-28,Koblenz, ja,188.0,84.0,292.0,361.0,26176.0,115268.0,51538.0,0.0,5.0,4.3,,,,,
2023-08-28,Ludwigshafen, ja,20.5,19.0,22.0,357.0,318080.0,174265.0,68914.0,1.0,6.0,3.4,,,,,
2023-08-28,Mainz,,,,,,,220552.0,101020.0,0.0,21.0,9.5,,,,,
2023-08-28,Trier,,,,,,,112195.0,44580.0,0.0,19.0,16.9,,,,,
2023-08-29,Kaiserslautern, ja,87.5,68.0,107.0,95.0,45742.0,108216.0,59269.0,3.0,7.0,6.5,,,,,
2023-08-29,Koblenz,,,,,,,115268.0,51539.0,1.0,3.0,2.6,,,,,
2023-08-29,Ludwigshafen,,,,,,,174265.0,68914.0,0.0,6.0,3.4,,,,,
2023-08-29,Mainz, ja,118.0,82.0,154.0,51.3,40883.0,220552.0,101025.0,5.0,22.0,10.0,,,,,
2023-08-29,Trier, nein,263.0,75.0,451.0,391.0,21850.0,112195.0,44585.0,5.0,20.0,17.8,,,,,
2023-08-30,Kaiserslautern,,,,,,,108216.0,59270.0,1.0,8.0,7.4,1753.0,12.0,6.0,2.0,0.6845407872219054
2023-08-30,Koblenz, ja,77.0,62.0,92.0,517.0,38268.0,115268.0,51540.0,1.0,3.0,2.6,2004.0,18.0,13.0,2.0,0.8982035928143712
2023-08-30,Ludwigshafen, ja,5.0,5.0,5.0,110.0,269680.0,174265.0,68915.0,1.0,5.0,2.9,1807.0,11.0,10.0,2.0,0.6087437742114
2023-08-30,Mainz,,,,,,,220552.0,101025.0,0.0,21.0,9.5,2202.0,19.0,9.0,2.0,0.862851952770209
2023-08-30,Trier,,,,,,,112195.0,44586.0,1.0,18.0,16.0,1778.0,10.0,6.0,2.0,0.562429696287964
2023-08-31,Kaiserslautern, ja,70.5,50.0,91.0,500.0,67603.0,108216.0,59273.0,3.0,9.0,8.3,,,,,
2023-08-31,Koblenz,,,,,,,115268.0,51544.0,4.0,6.0,5.2,,,,,
2023-08-31,Ludwigshafen,,,,,,,174265.0,68916.0,1.0,6.0,3.4,,,,,
2023-08-31,Mainz, ja,105.5,75.0,136.0,128.0,54528.0,220552.0,101027.0,2.0,20.0,9.1,,,,,
2023-08-31,Trier, nein,77.0,46.0,108.0,1091.0,28930.0,112195.0,44588.0,2.0,13.0,11.6,,,,,
2023-09-01,Kaiserslautern,,,,,,,108216.0,59274.0,1.0,8.0,7.4,,,,,
2023-09-01,Koblenz,,,,,,,115268.0,51546.0,2.0,8.0,6.9,,,,,
2023-09-01,Ludwigshafen,,,,,,,174265.0,68916.0,0.0,5.0,2.9,,,,,
2023-09-01,Mainz,,,,,,,220552.0,101031.0,4.0,17.0,7.7,,,,,
2023-09-01,Trier,,,,,,,112195.0,44591.0,3.0,14.0,12.5,,,,,
2023-09-02,Kaiserslautern,,,,,,,108216.0,59274.0,0.0,8.0,7.4,,,,,
2023-09-02,Koblenz,,,,,,,115268.0,51546.0,0.0,8.0,6.9,,,,,
2023-09-02,Ludwigshafen,,,,,,,174265.0,68916.0,0.0,5.0,2.9,,,,,
2023-09-02,Mainz,,,,,,,220552.0,101033.0,2.0,13.0,5.9,,,,,
2023-09-02,Trier,,,,,,,112195.0,44593.0,2.0,13.0,11.6,,,,,
2023-09-03,Kaiserslautern,,,,,,,108216.0,59274.0,0.0,8.0,7.4,,,,,
2023-09-03,Koblenz,,,,,,,115268.0,51546.0,0.0,8.0,6.9,,,,,
2023-09-03,Ludwigshafen,,,,,,,174265.0,68916.0,0.0,3.0,1.7,,,,,
2023-09-03,Mainz,,,,,,,220552.0,101033.0,0.0,13.0,5.9,,,,,
2023-09-03,Trier,,,,,,,112195.0,44593.0,0.0,13.0,11.6,,,,,
2023-09-04,Kaiserslautern,,,,,,,108216.0,59274.0,0.0,8.0,7.4,,,,,
2023-09-04,Koblenz, ja,99.0,81.0,117.0,122.0,25772.0,115268.0,51546.0,0.0,8.0,6.9,,,,,
2023-09-04,Ludwigshafen, nein,10.0,5.0,15.0,84.0,264300.0,174265.0,68917.0,1.0,3.0,1.7,,,,,
2023-09-04,Mainz,,,,,,,220552.0,101033.0,0.0,13.0,5.9,,,,,
2023-09-04,Trier,,,,,,,112195.0,44593.0,0.0,13.0,11.6,,,,,
2023-09-05,Kaiserslautern, ja,45.5,29.0,62.0,127.0,49963.0,108216.0,59276.0,2.0,7.0,6.5,,,,,
2023-09-05,Koblenz,,,,,,,115268.0,51548.0,2.0,9.0,7.8,,,,,
2023-09-05,Ludwigshafen,,,,,,,174265.0,68917.0,0.0,3.0,1.7,,,,,
2023-09-05,Mainz, nein,153.5,109.0,198.0,117.0,43571.0,220552.0,101043.0,10.0,18.0,8.2,,,,,
2023-09-05,Trier, nein,108.5,56.0,161.0,110.0,,112195.0,44593.0,0.0,8.0,7.1,,,,,
2023-09-06,Kaiserslautern,,,,,,,108216.0,59278.0,2.0,8.0,7.4,1845.0,19.0,16.0,2.0,1.029810298102981
2023-09-06,Koblenz, ja,147.0,100.0,194.0,320.0,25824.0,115268.0,51550.0,2.0,10.0,8.7,2234.0,25.0,18.0,2.0,1.1190689346463742
2023-09-06,Ludwigshafen, nein,6.5,3.0,10.0,619.0,260760.0,174265.0,68924.0,7.0,9.0,5.2,1988.0,15.0,13.0,2.0,0.7545271629778671
2023-09-06,Mainz,,,,,,,220552.0,101044.0,1.0,19.0,8.6,2376.0,24.0,18.0,2.0,1.0101010101010102
2023-09-06,Trier,,,,,,,112195.0,44593.0,0.0,7.0,6.2,1938.0,18.0,15.0,2.0,0.9287925696594427
2023-09-07,Kaiserslautern, ja,80.0,59.0,101.0,101.0,48206.0,108216.0,59289.0,11.0,16.0,14.8,,,,,
2023-09-07,Koblenz,,,,,,,115268.0,51551.0,1.0,7.0,6.1,,,,,
2023-09-07,Ludwigshafen,,,,,,,174265.0,68926.0,2.0,10.0,5.7,,,,,
2023-09-07,Mainz, nein,137.0,117.0,157.0,299.0,41549.0,220552.0,101047.0,3.0,20.0,9.1,,,,,
2023-09-07,Trier, nein,106.5,69.0,144.0,512.0,,112195.0,44602.0,9.0,14.0,12.5,,,,,
2023-09-08,Kaiserslautern,,,,,,,108216.0,59290.0,1.0,16.0,14.8,,,,,
2023-09-08,Koblenz,,,,,,,115268.0,51552.0,1.0,6.0,5.2,,,,,
2023-09-08,Ludwigshafen,,,,,,,174265.0,68926.0,0.0,10.0,5.7,,,,,
2023-09-08,Mainz,,,,,,,220552.0,101053.0,6.0,22.0,10.0,,,,,
2023-09-08,Trier,,,,,,,112195.0,44603.0,1.0,12.0,10.7,,,,,
2023-09-09,Kaiserslautern,,,,,,,108216.0,59294.0,4.0,20.0,18.5,,,,,
2023-09-09,Koblenz,,,,,,,115268.0,51558.0,6.0,12.0,10.4,,,,,
2023-09-09,Ludwigshafen,,,,,,,174265.0,68927.0,1.0,11.0,6.3,,,,,
2023-09-09,Mainz,,,,,,,220552.0,101056.0,3.0,23.0,10.4,,,,,
2023-09-09,Trier,,,,,,,112195.0,44605.0,2.0,12.0,10.7,,,,,
2023-09-10,Kaiserslautern,,,,,,,108216.0,59294.0,0.0,20.0,18.5,,,,,
2023-09-10,Koblenz,,,,,,,115268.0,51558.0,0.0,12.0,10.4,,,,,
2023-09-10,Ludwigshafen,,,,,,,174265.0,68927.0,0.0,11.0,6.3,,,,,
2023-09-10,Mainz,,,,,,,220552.0,101056.0,0.0,23.0,10.4,,,,,
2023-09-10,Trier,,,,,,,112195.0,44605.0,0.0,12.0,10.7,,,,,
2023-09-11,Kaiserslautern,,,,,,,108216.0,59294.0,0.0,20.0,18.5,,,,,
2023-09-11,Koblenz, ja,103.5,71.0,136.0,105.0,25164.0,115268.0,51558.0,0.0,12.0,10.4,,,,,
2023-09-11,Ludwigshafen,,,,,,,174265.0,68927.0,0.0,10.0,5.7,,,,,
2023-09-11,Mainz,,,,,,,220552.0,101056.0,0.0,23.0,10.4,,,,,
2023-09-11,Trier,,,,,,,112195.0,44605.0,0.0,12.0,10.7,,,,,
2023-09-12,Kaiserslautern, ja,135.5,89.0,182.0,536.0,46371.0,108216.0,59299.0,5.0,23.0,21.3,,,,,
2023-09-12,Koblenz,,,,,,,115268.0,51566.0,8.0,18.0,15.6,,,,,
2023-09-12,Ludwigshafen, nein,0.0,0.0,0.0,0.0,,174265.0,68929.0,2.0,12.0,6.9,,,,,
2023-09-12,Mainz, nein,119.0,80.0,158.0,127.0,41792.0,220552.0,101064.0,8.0,21.0,9.5,,,,,
2023-09-12,Trier, nein,150.5,98.0,203.0,131.0,,112195.0,44624.0,19.0,31.0,27.6,,,,,
2023-09-13,Kaiserslautern,,,,,,,108216.0,59300.0,1.0,22.0,20.3,1845.0,28.0,20.0,2.0,1.5176151761517616
2023-09-13,Koblenz, ja,46.0,36.0,56.0,99.4,67172.0,115268.0,51566.0,0.0,16.0,13.9,2296.0,23.0,16.0,2.0,1.0017421602787455
2023-09-13,Ludwigshafen, nein,5.5,4.0,7.0,20.4,259522.0,174265.0,68929.0,0.0,5.0,2.9,2005.0,22.0,14.0,2.0,1.0972568578553616
2023-09-13,Mainz,,,,,,,220552.0,101069.0,5.0,25.0,11.3,2385.0,22.0,16.0,2.0,0.9224318658280923
2023-09-13,Trier,,,,,,,112195.0,44628.0,4.0,35.0,31.2,1973.0,19.0,11.0,2.0,0.963000506842372
2023-09-14,Kaiserslautern, ja,123.0,74.0,172.0,224.0,46325.0,108216.0,59311.0,11.0,22.0,20.3,,,,,
2023-09-14,Koblenz,,,,,,,115268.0,51567.0,1.0,16.0,13.9,,,,,
2023-09-14,Ludwigshafen,,,,,,,174265.0,68932.0,3.0,6.0,3.4,,,,,
2023-09-14,Mainz, nein,36.5,32.0,41.0,1037.0,91392.0,220552.0,101077.0,8.0,30.0,13.6,,,,,
2023-09-14,Trier, nein,96.5,48.0,145.0,117.0,,112195.0,44628.0,0.0,26.0,23.2,,,,,
2023-09-15,Kaiserslautern,,,,,,,108216.0,59311.0,0.0,21.0,19.4,,,,,
2023-09-15,Koblenz,,,,,,,115268.0,51570.0,3.0,18.0,15.6,,,,,
2023-09-15,Ludwigshafen,,,,,,,174265.0,68934.0,2.0,8.0,4.6,,,,,
2023-09-15,Mainz,,,,,,,220552.0,101079.0,2.0,26.0,11.8,,,,,
2023-09-15,Trier,,,,,,,112195.0,44636.0,8.0,33.0,29.4,,,,,
2023-09-16,Kaiserslautern,,,,,,,108216.0,59311.0,0.0,17.0,15.7,,,,,
2023-09-16,Koblenz,,,,,,,115268.0,51576.0,6.0,18.0,15.6,,,,,
2023-09-16,Ludwigshafen,,,,,,,174265.0,68937.0,3.0,10.0,5.7,,,,,
2023-09-16,Mainz,,,,,,,220552.0,101084.0,5.0,28.0,12.7,,,,,
2023-09-16,Trier,,,,,,,112195.0,44636.0,0.0,31.0,27.6,,,,,
2023-09-17,Kaiserslautern,,,,,,,108216.0,59311.0,0.0,17.0,15.7,,,,,
2023-09-17,Koblenz,,,,,,,115268.0,51576.0,0.0,18.0,15.6,,,,,
2023-09-17,Ludwigshafen,,,,,,,174265.0,68938.0,1.0,11.0,6.3,,,,,
2023-09-17,Mainz,,,,,,,220552.0,101084.0,0.0,28.0,12.7,,,,,
2023-09-17,Trier,,,,,,,112195.0,44636.0,0.0,31.0,27.6,,,,,
2023-09-18,Kaiserslautern,,,,,,,108216.0,59311.0,0.0,17.0,15.7,,,,,
2023-09-18,Koblenz, ja,75.5,68.0,83.0,766.0,36212.0,115268.0,51576.0,0.0,18.0,15.6,,,,,
2023-09-18,Ludwigshafen, ja,15.0,9.0,21.0,144.0,245130.0,174265.0,68938.0,0.0,11.0,6.3,,,,,
2023-09-18,Mainz,,,,,,,220552.0,101084.0,0.0,28.0,12.7,,,,,
2023-09-18,Trier,,,,,,,112195.0,44636.0,0.0,31.0,27.6,,,,,
2023-09-19,Kaiserslautern, ja,81.0,69.0,93.0,405.0,63165.0,108216.0,59314.0,3.0,15.0,13.9,,,,,
2023-09-19,Koblenz,,,,,,,115268.0,51579.0,3.0,13.0,11.3,,,,,
2023-09-19,Ludwigshafen,,,,,,,174265.0,68941.0,3.0,12.0,6.9,,,,,
2023-09-19,Mainz, nein,82.0,87.0,77.0,67.8,43264.0,220552.0,101102.0,18.0,38.0,17.2,,,,,
2023-09-19,Trier, nein,66.5,61.0,72.0,290.0,33544.0,112195.0,44644.0,8.0,20.0,17.8,,,,,
2023-09-20,Kaiserslautern,,,,,,,108216.0,59325.0,11.0,25.0,23.1,1844.0,30.0,19.0,2.0,1.6268980477223427
2023-09-20,Koblenz, ja,99.0,94.0,104.0,126.0,23512.0,115268.0,51579.0,0.0,13.0,11.3,2362.0,26.0,23.0,2.0,1.100762066045724
2023-09-20,Ludwigshafen, nein,1.0,1.0,1.0,10.4,233490.0,174265.0,68941.0,0.0,12.0,6.9,2045.0,36.0,26.0,2.0,1.7603911980440097
2023-09-20,Mainz,,,,,,,220552.0,101107.0,5.0,38.0,17.2,2469.0,28.0,22.0,2.0,1.1340623734305386
2023-09-20,Trier,,,,,,,112195.0,44647.0,3.0,19.0,16.9,2047.0,18.0,12.0,2.0,0.8793356130923302
2023-09-21,Kaiserslautern, ja,90.5,59.0,122.0,425.0,46630.0,108216.0,59325.0,0.0,14.0,12.9,,,,,
2023-09-21,Koblenz,,,,,,,115268.0,51584.0,5.0,17.0,14.7,,,,,
2023-09-21,Ludwigshafen,,,,,,,174265.0,68942.0,1.0,10.0,5.7,,,,,
2023-09-21,Mainz, nein,127.5,138.0,117.0,167.0,42598.0,220552.0,101114.0,7.0,37.0,16.8,,,,,
2023-09-21,Trier, nein,65.0,56.0,74.0,332.0,17186.0,112195.0,44647.0,0.0,19.0,16.9,,,,,
2023-09-22,Kaiserslautern,,,,,,,108216.0,59331.0,6.0,20.0,18.5,,,,,
2023-09-22,Koblenz,,,,,,,115268.0,51587.0,3.0,17.0,14.7,,,,,
2023-09-22,Ludwigshafen,,,,,,,174265.0,68945.0,3.0,11.0,6.3,,,,,
2023-09-22,Mainz,,,,,,,220552.0,101118.0,4.0,39.0,17.7,,,,,
2023-09-22,Trier,,,,,,,112195.0,44651.0,4.0,15.0,13.4,,,,,
2023-09-23,Kaiserslautern,,,,,,,108216.0,59338.0,7.0,27.0,25.0,,,,,
2023-09-23,Koblenz,,,,,,,115268.0,51589.0,2.0,13.0,11.3,,,,,
2023-09-23,Ludwigshafen,,,,,,,174265.0,68945.0,0.0,8.0,4.6,,,,,
2023-09-23,Mainz,,,,,,,220552.0,101124.0,6.0,40.0,18.1,,,,,
2023-09-23,Trier,,,,,,,112195.0,44652.0,1.0,16.0,14.3,,,,,
2023-09-24,Kaiserslautern,,,,,,,108216.0,59338.0,0.0,27.0,25.0,,,,,
2023-09-24,Koblenz,,,,,,,115268.0,51589.0,0.0,13.0,11.3,,,,,
2023-09-24,Ludwigshafen,,,,,,,174265.0,68948.0,3.0,10.0,5.7,,,,,
2023-09-24,Mainz,,,,,,,220552.0,101124.0,0.0,40.0,18.1,,,,,
2023-09-24,Trier,,,,,,,112195.0,44652.0,0.0,16.0,14.3,,,,,
2023-09-25,Kaiserslautern,,,,,,,108216.0,59338.0,0.0,27.0,25.0,,,,,
2023-09-25,Koblenz, ja,93.5,85.0,102.0,68.8,25820.0,115268.0,51589.0,0.0,13.0,11.3,,,,,
2023-09-25,Ludwigshafen, nein,12.5,25.0,0.0,200.0,252200.0,174265.0,68948.0,0.0,10.0,5.7,,,,,
2023-09-25,Mainz,,,,,,,220552.0,101124.0,0.0,40.0,18.1,,,,,
2023-09-25,Trier,,,,,,,112195.0,44652.0,0.0,16.0,14.3,,,,,
2023-09-26,Kaiserslautern, ja,54.5,53.0,56.0,88.0,45955.0,108216.0,59343.0,5.0,29.0,26.8,,,,,
2023-09-26,Koblenz,,,,,,,115268.0,51592.0,3.0,13.0,11.3,,,,,
2023-09-26,Ludwigshafen,,,,,,,174265.0,68949.0,1.0,8.0,4.6,,,,,
2023-09-26,Mainz, nein,169.0,115.0,223.0,134.0,44109.0,220552.0,101138.0,14.0,36.0,16.3,,,,,
2023-09-26,Trier, nein,149.5,110.0,189.0,67.3,20800.0,112195.0,44653.0,1.0,9.0,8.0,,,,,
2023-09-27,Kaiserslautern,,,,,,,108216.0,59346.0,3.0,21.0,19.4,1855.0,26.0,15.0,2.0,1.4016172506738545
2023-09-27,Koblenz, ja,143.5,123.0,164.0,288.0,26456.0,115268.0,51600.0,8.0,21.0,18.2,2425.0,36.0,27.0,2.0,1.4845360824742269
2023-09-27,Ludwigshafen, nein,13.0,4.0,22.0,67.0,251600.0,174265.0,68952.0,3.0,11.0,6.3,2070.0,35.0,23.0,2.0,1.6908212560386473
2023-09-27,Mainz,,,,,,,220552.0,101144.0,6.0,37.0,16.8,2487.0,27.0,18.0,2.0,1.0856453558504222
2023-09-27,Trier,,,,,,,112195.0,44654.0,1.0,7.0,6.2,2070.0,31.0,27.0,2.0,1.497584541062802
2023-09-28,Kaiserslautern, ja,169.0,141.0,197.0,203.0,46216.0,108216.0,59347.0,1.0,22.0,20.3,,,,,
2023-09-28,Koblenz,,,,,,,115268.0,51605.0,5.0,21.0,18.2,,,,,
2023-09-28,Ludwigshafen,,,,,,,174265.0,68953.0,1.0,11.0,6.3,,,,,
2023-09-28,Mainz, nein,278.0,230.0,326.0,1030.0,42496.0,220552.0,101153.0,9.0,39.0,17.7,,,,,
2023-09-28,Trier, nein,180.0,137.0,223.0,199.0,20084.0,112195.0,44654.0,0.0,7.0,6.2,,,,,
2023-09-29,Kaiserslautern,,,,,,,108216.0,59347.0,0.0,16.0,14.8,,,,,
2023-09-29,Koblenz,,,,,,,115268.0,51607.0,2.0,20.0,17.4,,,,,
2023-09-29,Ludwigshafen,,,,,,,174265.0,68953.0,0.0,8.0,4.6,,,,,
2023-09-29,Mainz,,,,,,,220552.0,101159.0,6.0,41.0,18.6,,,,,
2023-09-29,Trier,,,,,,,112195.0,44658.0,4.0,7.0,6.2,,,,,
2023-09-30,Kaiserslautern,,,,,,,108216.0,59350.0,3.0,12.0,11.1,,,,,
2023-09-30,Koblenz,,,,,,,115268.0,51608.0,1.0,19.0,16.5,,,,,
2023-09-30,Ludwigshafen,,,,,,,174265.0,68957.0,4.0,12.0,6.9,,,,,
2023-09-30,Mainz,,,,,,,220552.0,101162.0,3.0,38.0,17.2,,,,,
2023-09-30,Trier,,,,,,,112195.0,44659.0,1.0,7.0,6.2,,,,,
2023-10-01,Kaiserslautern,,,,,,,108216.0,59350.0,0.0,12.0,11.1,,,,,
2023-10-01,Koblenz,,,,,,,115268.0,51608.0,0.0,19.0,16.5,,,,,
2023-10-01,Ludwigshafen,,,,,,,174265.0,68957.0,0.0,9.0,5.2,,,,,
2023-10-01,Mainz,,,,,,,220552.0,101162.0,0.0,38.0,17.2,,,,,
2023-10-01,Trier,,,,,,,112195.0,44659.0,0.0,7.0,6.2,,,,,
2023-10-02,Kaiserslautern, ja,108.0,90.0,126.0,256.0,43693.0,108216.0,59350.0,0.0,12.0,11.1,,,,,
2023-10-02,Koblenz,,,,,,,115268.0,51608.0,0.0,19.0,16.5,,,,,
2023-10-02,Ludwigshafen,,,,,,,174265.0,68957.0,0.0,9.0,5.2,,,,,
2023-10-02,Mainz,,,,,,,220552.0,101162.0,0.0,38.0,17.2,,,,,
2023-10-02,Trier, nein,162.0,132.0,192.0,445.0,16791.0,112195.0,44659.0,0.0,7.0,6.2,,,,,
2023-10-03,Kaiserslautern,,,,,,,108216.0,59354.0,4.0,11.0,10.2,,,,,
2023-10-03,Koblenz,,,,,,,115268.0,51612.0,4.0,20.0,17.4,,,,,
2023-10-03,Ludwigshafen,,,,,,,174265.0,68958.0,1.0,9.0,5.2,,,,,
2023-10-03,Mainz,,,,,,,220552.0,101175.0,13.0,37.0,16.8,,,,,
2023-10-03,Trier,,,,,,,112195.0,44661.0,2.0,8.0,7.1,,,,,
2023-10-04,Kaiserslautern,,,,,,,108216.0,59354.0,0.0,8.0,7.4,1843.0,33.0,26.0,2.0,1.7905588714053173
2023-10-04,Koblenz, ja,86.0,76.0,96.0,68.3,39136.0,115268.0,51612.0,0.0,12.0,10.4,2366.0,28.0,21.0,2.0,1.183431952662722
2023-10-04,Ludwigshafen, nein,21.5,14.0,29.0,96.4,267140.0,174265.0,68958.0,0.0,6.0,3.4,2040.0,39.0,26.0,2.0,1.911764705882353
2023-10-04,Mainz, nein,251.0,188.0,314.0,278.0,67034.0,220552.0,101175.0,0.0,31.0,14.1,2427.0,37.0,28.0,2.0,1.5245158632056035
2023-10-04,Trier,,,,,,,112195.0,44661.0,0.0,7.0,6.2,2077.0,35.0,24.0,2.0,1.685122773230621
2023-10-05,Kaiserslautern, ja,136.0,104.0,168.0,68.3,57064.0,108216.0,59359.0,5.0,12.0,11.1,,,,,
2023-10-05,Koblenz,,,,,,,115268.0,51621.0,9.0,16.0,13.9,,,,,
2023-10-05,Ludwigshafen,,,,,,,174265.0,68962.0,4.0,9.0,5.2,,,,,
2023-10-05,Mainz, nein,119.5,97.0,142.0,67.9,57357.0,220552.0,101185.0,10.0,32.0,14.5,,,,,
2023-10-05,Trier, nein,124.5,110.0,139.0,80.8,23127.0,112195.0,44662.0,1.0,8.0,7.1,,,,,
2023-10-06,Kaiserslautern,,,,,,,108216.0,59364.0,5.0,17.0,15.7,,,,,
2023-10-06,Koblenz,,,,,,,115268.0,51622.0,1.0,15.0,13.0,,,,,
2023-10-06,Ludwigshafen,,,,,,,174265.0,68964.0,2.0,11.0,6.3,,,,,
2023-10-06,Mainz,,,,,,,220552.0,101194.0,9.0,35.0,15.9,,,,,
2023-10-06,Trier,,,,,,,112195.0,44671.0,9.0,13.0,11.6,,,,,
2023-10-07,Kaiserslautern,,,,,,,108216.0,59364.0,0.0,14.0,12.9,,,,,
2023-10-07,Koblenz,,,,,,,115268.0,51625.0,3.0,17.0,14.7,,,,,
2023-10-07,Ludwigshafen,,,,,,,174265.0,68965.0,1.0,8.0,4.6,,,,,
2023-10-07,Mainz,,,,,,,220552.0,101198.0,4.0,36.0,16.3,,,,,
2023-10-07,Trier,,,,,,,112195.0,44672.0,1.0,13.0,11.6,,,,,
2023-10-08,Kaiserslautern,,,,,,,108216.0,59364.0,0.0,14.0,12.9,,,,,
2023-10-08,Koblenz,,,,,,,115268.0,51625.0,0.0,17.0,14.7,,,,,
2023-10-08,Ludwigshafen,,,,,,,174265.0,68965.0,0.0,8.0,4.6,,,,,
2023-10-08,Mainz,,,,,,,220552.0,101198.0,0.0,36.0,16.3,,,,,
2023-10-08,Trier,,,,,,,112195.0,44672.0,0.0,13.0,11.6,,,,,
2023-10-09,Kaiserslautern,,,,,,,108216.0,59364.0,0.0,14.0,12.9,,,,,
2023-10-09,Koblenz, ja,315.0,300.0,330.0,274.0,24852.0,115268.0,51625.0,0.0,17.0,14.7,,,,,
2023-10-09,Ludwigshafen, nein,97.5,58.0,137.0,99.8,224960.0,174265.0,68966.0,1.0,9.0,5.2,,,,,
2023-10-09,Mainz,,,,,,,220552.0,101198.0,0.0,36.0,16.3,,,,,
2023-10-09,Trier,,,,,,,112195.0,44672.0,0.0,13.0,11.6,,,,,
2023-10-10,Kaiserslautern, ja,385.0,298.0,472.0,185.0,45534.0,108216.0,59368.0,4.0,14.0,12.9,,,,,
2023-10-10,Koblenz,,,,,,,115268.0,51629.0,4.0,17.0,14.7,,,,,
2023-10-10,Ludwigshafen,,,,,,,174265.0,68966.0,0.0,8.0,4.6,,,,,
2023-10-10,Mainz, nein,469.0,458.0,480.0,232.0,40858.0,220552.0,101198.0,0.0,23.0,10.4,,,,,
2023-10-10,Trier, nein,490.5,352.0,629.0,170.0,16912.0,112195.0,44676.0,4.0,15.0,13.4,,,,,
2023-10-11,Kaiserslautern,,,,,,,108216.0,59372.0,4.0,18.0,16.6,1857.0,47.0,33.0,2.0,2.5309639203015615
2023-10-11,Koblenz, ja,245.5,296.0,195.0,93.7,24724.0,115268.0,51636.0,7.0,24.0,20.8,2405.0,32.0,20.0,2.0,1.3305613305613306
2023-10-11,Ludwigshafen, nein,63.0,36.0,90.0,64.7,217415.0,174265.0,68972.0,6.0,14.0,8.0,2075.0,42.0,28.0,2.0,2.0240963855421685
2023-10-11,Mainz,,,,,,,220552.0,101225.0,27.0,50.0,22.7,2484.0,48.0,32.0,2.0,1.932367149758454
2023-10-11,Trier,,,,,,,112195.0,44680.0,4.0,19.0,16.9,2101.0,35.0,25.0,2.0,1.6658733936220846
2023-10-12,Kaiserslautern, ja,266.0,279.0,253.0,218.0,43277.0,108216.0,59375.0,3.0,16.0,14.8,,,,,
2023-10-12,Koblenz,,,,,,,115268.0,51641.0,5.0,20.0,17.4,,,,,
2023-10-12,Ludwigshafen,,,,,,,174265.0,68975.0,3.0,13.0,7.5,,,,,
2023-10-12,Mainz, nein,394.5,400.0,389.0,179.0,41434.0,220552.0,101234.0,9.0,49.0,22.2,,,,,
2023-10-12,Trier, nein,634.0,664.0,604.0,233.0,19592.0,112195.0,44682.0,2.0,20.0,17.8,,,,,
2023-10-13,Kaiserslautern,,,,,,,108216.0,59379.0,4.0,15.0,13.9,,,,,
2023-10-13,Koblenz,,,,,,,115268.0,51644.0,3.0,22.0,19.1,,,,,
2023-10-13,Ludwigshafen,,,,,,,174265.0,68976.0,1.0,12.0,6.9,,,,,
2023-10-13,Mainz,,,,,,,220552.0,101238.0,4.0,44.0,19.9,,,,,
2023-10-13,Trier,,,,,,,112195.0,44684.0,2.0,13.0,11.6,,,,,
2023-10-14,Kaiserslautern,,,,,,,108216.0,59380.0,1.0,16.0,14.8,,,,,
2023-10-14,Koblenz,,,,,,,115268.0,51649.0,5.0,24.0,20.8,,,,,
2023-10-14,Ludwigshafen,,,,,,,174265.0,68981.0,5.0,16.0,9.2,,,,,
2023-10-14,Mainz,,,,,,,220552.0,101247.0,9.0,49.0,22.2,,,,,
2023-10-14,Trier,,,,,,,112195.0,44689.0,5.0,17.0,15.2,,,,,
2023-10-15,Kaiserslautern,,,,,,,108216.0,59380.0,0.0,16.0,14.8,,,,,
2023-10-15,Koblenz,,,,,,,115268.0,51649.0,0.0,24.0,20.8,,,,,
2023-10-15,Ludwigshafen,,,,,,,174265.0,68981.0,0.0,16.0,9.2,,,,,
2023-10-15,Mainz,,,,,,,220552.0,101247.0,0.0,49.0,22.2,,,,,
2023-10-15,Trier,,,,,,,112195.0,44689.0,0.0,17.0,15.2,,,,,
2023-10-16,Kaiserslautern,,,,,,,108216.0,59380.0,0.0,16.0,14.8,,,,,
2023-10-16,Koblenz,,,,,,,115268.0,51649.0,0.0,24.0,20.8,,,,,
2023-10-16,Ludwigshafen, nein,42.0,19.0,65.0,134.0,,174265.0,68981.0,0.0,15.0,8.6,,,,,
2023-10-16,Mainz,,,,,,,220552.0,101247.0,0.0,49.0,22.2,,,,,
2023-10-16,Trier,,,,,,,112195.0,44689.0,0.0,17.0,15.2,,,,,
2023-10-17,Kaiserslautern, nein,266.5,236.0,297.0,276.0,,108216.0,59386.0,6.0,18.0,16.6,,,,,
2023-10-17,Koblenz, nein,162.5,168.0,157.0,114.0,,115268.0,51656.0,7.0,27.0,23.4,,,,,
2023-10-17,Ludwigshafen,,,,,,,174265.0,68982.0,1.0,16.0,9.2,,,,,
2023-10-17,Mainz, nein,280.5,280.0,281.0,91.1,,220552.0,101267.0,20.0,69.0,31.3,,,,,
2023-10-17,Trier, nein,289.0,213.0,365.0,117.0,,112195.0,44697.0,8.0,21.0,18.7,,,,,
